,Artist ID,Related Artist ID,Related Artist Name
0,3lmszXxkp47K9kDCRRPU8p,2hmIpieYhZEQJDzlWpNMQg,Romey Maan
1,3lmszXxkp47K9kDCRRPU8p,3OQRPFFS3OsltFjFAXu1kE,Parmish Verma
2,3lmszXxkp47K9kDCRRPU8p,4j4SDkxwy0Z68dIh5Vr7fh,Bhindder Burj
3,3lmszXxkp47K9kDCRRPU8p,28kGdf2ant8i73Fab2F7xq,Amantej Hundal
4,3lmszXxkp47K9kDCRRPU8p,5wGjQPYmBAnDmtNeOMoavY,Tyson Sidhu
5,3lmszXxkp47K9kDCRRPU8p,0jdnMCU1yJPwoIErT6a4OS,Bunny Johal
6,3lmszXxkp47K9kDCRRPU8p,2ECA51juFyrh4DAuc8FucP,Gagan Kokri
7,3lmszXxkp47K9kDCRRPU8p,4Uf7FQlaAnd8APkdudp2cc,Deep Chahal
8,3lmszXxkp47K9kDCRRPU8p,7zCChitz4Xn1O7OqXjOhhR,Vicky
9,3lmszXxkp47K9kDCRRPU8p,0QntOArZgiNHoemAzwJPu5,Gur Sidhu
10,3lmszXxkp47K9kDCRRPU8p,48cVwD5hffidwvlxLCc2pm,Zehr Vibe
11,3lmszXxkp47K9kDCRRPU8p,4ZPiabRclxJHc90C0eY8xh,A Kay
12,3lmszXxkp47K9kDCRRPU8p,1mUl05hT77FrwVFW51wOlr,JERRY
13,3lmszXxkp47K9kDCRRPU8p,6rHyVOJFRsLEOo1aOd2zQG,Kahlon
14,3lmszXxkp47K9kDCRRPU8p,7KEQQy9VJpx2xaojUu2VTp,The Landers
15,3lmszXxkp47K9kDCRRPU8p,2NV7RSOqlCvigkJ9xMBxDW,Jaura Phagwara
16,3lmszXxkp47K9kDCRRPU8p,36HuUPCABTgaY4e8rgzSNG,Sukh Lotey
17,3lmszXxkp47K9kDCRRPU8p,0sYnCQ9Eb3RbEHOqVQST8d,Roop Bhullar
18,3lmszXxkp47K9kDCRRPU8p,41mbGEbwlzaCzy3sDVuFoj,Rav Aulakh
19,3lmszXxkp47K9kDCRRPU8p,3wsrcGXTRAukQgXrUHJMwC,Himmat Sandhu
20,1rdQOMFFtoskDXXUVjiGo9,6CWBs7ul78QwnBrcOCwhf5,Sagar
21,1rdQOMFFtoskDXXUVjiGo9,0rgZNEpt5nFXFE8i5qEQYW,Sudeep Kumar
22,1rdQOMFFtoskDXXUVjiGo9,4rJY6amSC7TWtV9oifBnrS,Job Kurian
23,1rdQOMFFtoskDXXUVjiGo9,2qJHWT6Ov9ZZvuQx1h7mNn,Madhu Balakrishnan
24,1rdQOMFFtoskDXXUVjiGo9,5a2WF7juQ5oilpZCqikRtP,Rahul Nambiar
25,1rdQOMFFtoskDXXUVjiGo9,7LnwWFXxll1g0R4MTJCUEH,Vidhu Prathap
26,1rdQOMFFtoskDXXUVjiGo9,65jsdEMz2d1jbIECHqAhFr,Jaspreet Jasz
27,1rdQOMFFtoskDXXUVjiGo9,7FaGCZiP3s6X7jQTB8EhfI,Naresh Iyer
28,1rdQOMFFtoskDXXUVjiGo9,6GIkpxZTzuInWGBdfgu7eb,Afsal
29,1rdQOMFFtoskDXXUVjiGo9,7zFlr6Y537SdALqy0Xfvth,Ranjith Govind
30,1rdQOMFFtoskDXXUVjiGo9,0vWyMSeg4ixQ98Srb8E4y5,Anitha Karthikeyan
31,1rdQOMFFtoskDXXUVjiGo9,1QvyquqkuuwUzdszyoKIy4,Haricharan
32,1rdQOMFFtoskDXXUVjiGo9,4k6mo3RrWfbYbqNcC9ZDQV,Elizabeth Raju
33,1rdQOMFFtoskDXXUVjiGo9,1jtuCB1QvOAOiyXxqxBeOz,Manjari
34,1rdQOMFFtoskDXXUVjiGo9,67ra8R8hw9NkDyBaJBS2j6,M. Jayachandran
35,1rdQOMFFtoskDXXUVjiGo9,2JEjaa7hWhE1BbL3OcoeFR,Sujatha
36,1rdQOMFFtoskDXXUVjiGo9,039dmmH0fdQTlvXC0zGlQx,Biju Narayanan
37,1rdQOMFFtoskDXXUVjiGo9,5wq0asvXF4jyJs8ydPPFzR,Ouseppachan
38,1rdQOMFFtoskDXXUVjiGo9,2L3mCbnau7Pb5wOSdzM5ln,K. G. Markose
39,1rdQOMFFtoskDXXUVjiGo9,0aUQnP4HhUQXcurZl9GJIA,Vijay Yesudas
40,3gBKY0y3dFFVRqicLnVZYz,2ZRrPOjBIWoKK5rHedLijj,Abhijeet
41,3gBKY0y3dFFVRqicLnVZYz,4K6blSRoklNdpw4mzLxwfn,Kumar Sanu
42,3gBKY0y3dFFVRqicLnVZYz,6nAVJkZZ55jorZmO5bpezv,Falguni Pathak
43,3gBKY0y3dFFVRqicLnVZYz,4Qpbhxe0sO2zhvUVfODdZw,Pankaj Udhas
44,3gBKY0y3dFFVRqicLnVZYz,03SZmfKAgYRQKUwy0EoJUa,Roop Kumar Rathod
45,3gBKY0y3dFFVRqicLnVZYz,4hkB2bR5ek6lJChj6aunCn,Anuradha Paudwal
46,3gBKY0y3dFFVRqicLnVZYz,0sSxphmGskGCKlwB9xa6WU,Himesh Reshammiya
47,3gBKY0y3dFFVRqicLnVZYz,71hjb5G92mGoKRSAW3Cj00,Anu Malik
48,3gBKY0y3dFFVRqicLnVZYz,3eDT9fwXKuHWFvgZaaYC5v,Sunidhi Chauhan
49,3gBKY0y3dFFVRqicLnVZYz,70B80Lwx2sxti0M1Ng9e8K,Udit Narayan
50,3gBKY0y3dFFVRqicLnVZYz,2JSYASbWU5Y0fVpts3Eq7g,R. D. Burman
51,3gBKY0y3dFFVRqicLnVZYz,5cB4d4jPYjMT326sjihQ4m,Shaan
52,3gBKY0y3dFFVRqicLnVZYz,0kJO65h553i1iGsZutBuqz,Adnan Sami
53,3gBKY0y3dFFVRqicLnVZYz,4mBxoO0pAcMbAwuTcrcLMc,Alisha Chinai
54,3gBKY0y3dFFVRqicLnVZYz,1dVygo6tRFXC8CSWURQJq2,Sonu Nigam
55,3gBKY0y3dFFVRqicLnVZYz,2ijWbN5KykTYiBoVmhzCTU,Jagjit Singh
56,3gBKY0y3dFFVRqicLnVZYz,7guD32ltIhsA1tHdf7IVe0,Babul Supriyo
57,3gBKY0y3dFFVRqicLnVZYz,4etv0ut4ws0GbXBtolzf5e,Mukesh
58,3gBKY0y3dFFVRqicLnVZYz,0gXDpqwYNDODn7fB0RDN8J,Mohammed Rafi
59,3gBKY0y3dFFVRqicLnVZYz,5as8A4G47Ohu9NSWs3Je8U,Asha Bhosle
60,4gdMJYnopf2nEUcanAwstx,41Sw7HsskHGbJOJXhLUTEK,Osho Jain
61,4gdMJYnopf2nEUcanAwstx,4o0mCeiUIVdknPUMhpO0bd,Dream Note
62,4gdMJYnopf2nEUcanAwstx,0tC995Rfn9k2l7nqgCZsV7,Prateek Kuhad
63,4gdMJYnopf2nEUcanAwstx,3xZ9z6k4Suc2O8cAiwMt7h,Suzonn
64,4gdMJYnopf2nEUcanAwstx,7b6Ui7JVaBDEfZB9k6nHL0,The Local Train
65,4gdMJYnopf2nEUcanAwstx,43jHbOAD9UtOEO1la8CVHs,Vismay Patel
66,4gdMJYnopf2nEUcanAwstx,3ozYqVCLohfpXIhalkhM8D,Aditya Rikhari
67,4gdMJYnopf2nEUcanAwstx,0cPN6x5LmDIZjp6gFmAkqw,Twin Strings
68,4gdMJYnopf2nEUcanAwstx,5lMNphVhMLvhFmTWiKiLA2,Zaeden
69,4gdMJYnopf2nEUcanAwstx,15iD55LPew2DyTQDqoV0F1,Ashu Shukla
70,4gdMJYnopf2nEUcanAwstx,04hYGGSjYtLekuuJXEGrIl,When Chai Met Toast
71,4gdMJYnopf2nEUcanAwstx,6o0MDEgo8moHPwQ1QXIs4c,Anurag Vashisht
72,4gdMJYnopf2nEUcanAwstx,29ggvWc5EMcSk5RLQ5aXHr,Pratsofficial
73,4gdMJYnopf2nEUcanAwstx,5mWQT8CLTa4mAQAJdFjHb1,Abdul Hannan
74,4gdMJYnopf2nEUcanAwstx,6xlrAAgxcRlgCXnbg2hcFc,The Yellow Diary
75,4gdMJYnopf2nEUcanAwstx,3cqeO3muWIW5uSmUDNCmyT,Rekha Bhardwaj
76,4gdMJYnopf2nEUcanAwstx,1VFIeAFbzMVHmvGQtfE6OI,Deepak Rathore Project
77,4gdMJYnopf2nEUcanAwstx,74OaRjmyh0XyRZsQQQ5l7c,Jasleen Royal
78,4gdMJYnopf2nEUcanAwstx,6BWd8VpOoODhMOPks4sI6R,NAALAYAK
79,5r2baeTwcCJnuIsDIlxUJo,1mBydYMVBECdDmMfE2sEUO,Sachin-Jigar
80,5r2baeTwcCJnuIsDIlxUJo,4YRxDV8wJFPHPTeXepOstw,Arijit Singh
81,5r2baeTwcCJnuIsDIlxUJo,1wRPtKGflJrBx9BmLsSwlU,Pritam
82,5r2baeTwcCJnuIsDIlxUJo,1tqysapcCh1lWEAc9dIFpa,Jubin Nautiyal
83,5r2baeTwcCJnuIsDIlxUJo,2GoeZ0qOTt6kjsWW4eA6LS,Darshan Raval
84,5r2baeTwcCJnuIsDIlxUJo,0T1CMVkqffHlqEk4BcAph1,Tulsi Kumar
85,5r2baeTwcCJnuIsDIlxUJo,0NErdIJtuKBjtxKmlqaWdj,Divya Kumar
86,5r2baeTwcCJnuIsDIlxUJo,1dVygo6tRFXC8CSWURQJq2,Sonu Nigam
87,5r2baeTwcCJnuIsDIlxUJo,48RCl7AbbfhC60EN8a80Op,Jigar Saraiya
88,5r2baeTwcCJnuIsDIlxUJo,0oOet2f43PA68X5RxKobEy,Shreya Ghoshal
89,5r2baeTwcCJnuIsDIlxUJo,4IKVDbCSBTxBeAsMKjAuTs,Armaan Malik
90,5r2baeTwcCJnuIsDIlxUJo,5f4QpKfy7ptCHwTqspnSJI,Neha Kakkar
91,5r2baeTwcCJnuIsDIlxUJo,00sCATpEvwH48ays7PlQFU,Jonita Gandhi
92,5r2baeTwcCJnuIsDIlxUJo,3dN9MQpjIyNxyeRfz4EDZe,Rochak Kohli
93,5r2baeTwcCJnuIsDIlxUJo,5wQDQFm7Ku8WWGi5xqJ9lp,Jyotica Tangri
94,5r2baeTwcCJnuIsDIlxUJo,76fuWYgIf3TVIopTs3vaJ6,Amaal Mallik
95,5r2baeTwcCJnuIsDIlxUJo,12CpR4SNDzVIlDoPSeNFeW,Shashaa Tirupati
96,5r2baeTwcCJnuIsDIlxUJo,7hVmdlsJp0E2WQIvVl8ngN,Millind Gaba
97,5r2baeTwcCJnuIsDIlxUJo,6RF8hEdlUKoLPQOHmBbHiM,Yasser Desai
98,5r2baeTwcCJnuIsDIlxUJo,2fMqTqiTxUDlmcOEPaQSsx,Amitabh Bhattacharya
99,53XhwfbYqKCa1cC15pYq2q,0MlOPi3zIDMVrfA9R04Fe3,American Authors
100,53XhwfbYqKCa1cC15pYq2q,3NPpFNZtSTHheNBaWC82rB,X Ambassadors
101,53XhwfbYqKCa1cC15pYq2q,7EQ0qTo7fWT7DPxmxtSYEc,Bastille
102,53XhwfbYqKCa1cC15pYq2q,5Pwc4xIPtQLFEnJriah9YJ,OneRepublic
103,53XhwfbYqKCa1cC15pYq2q,3YQKmKGau1PzlVlkL1iodx,Twenty One Pilots
104,53XhwfbYqKCa1cC15pYq2q,6DIS6PRrLS3wbnZsf7vYic,WALK THE MOON
105,53XhwfbYqKCa1cC15pYq2q,6p5JxpTc7USNnBnLzctyd4,Phillip Phillips
106,53XhwfbYqKCa1cC15pYq2q,2q3GG88dVwuQPF4FmySr9I,The Score
107,53XhwfbYqKCa1cC15pYq2q,4qWnlmXWuGv2TtuxtIWlJX,BANNERS
108,53XhwfbYqKCa1cC15pYq2q,47mIJdHORyRerp4os813jD,League of Legends
109,53XhwfbYqKCa1cC15pYq2q,3p5nfUyEYsxx8izMCym07n,Oh The Larceny
110,53XhwfbYqKCa1cC15pYq2q,5BcAKTbp20cv7tC5VqPFoC,Macklemore & Ryan Lewis
111,53XhwfbYqKCa1cC15pYq2q,3AQRLZ9PuTAozP28Skbq8V,The Script
112,53XhwfbYqKCa1cC15pYq2q,6s22t5Y3prQHyaHWUN1R1C,AJR
113,53XhwfbYqKCa1cC15pYq2q,5yw4tA8D5uG7tT3NaDvq10,Stellar
114,53XhwfbYqKCa1cC15pYq2q,1oyUjl52ohRrCv3EL1UdpM,Confetti
115,53XhwfbYqKCa1cC15pYq2q,5tFRohaO5yEsuJxmMnlCO9,Barns Courtney
116,53XhwfbYqKCa1cC15pYq2q,7ymrIsmp4vE7vAtcS12J4D,Adam Jensen
117,53XhwfbYqKCa1cC15pYq2q,7LIy7KinYq7a83dUH6kvxT,Zayde Wølf
118,53XhwfbYqKCa1cC15pYq2q,6MDME20pz9RveH9rEXvrOM,Clean Bandit
119,6eUKZXaKkcviH0Ku9w2n3V,4IWBUUAFIplrNtaOHcJPRM,James Arthur
120,6eUKZXaKkcviH0Ku9w2n3V,7n2wHs1TKAczGzO7Dd2rGr,Shawn Mendes
121,6eUKZXaKkcviH0Ku9w2n3V,0B3N0ZINFWvizfa8bKiz4v,James TW
122,6eUKZXaKkcviH0Ku9w2n3V,2wY79sveU1sp5g7SokKOiI,Sam Smith
123,6eUKZXaKkcviH0Ku9w2n3V,6VuMaDnrHyPL1p4EHjYLi7,Charlie Puth
124,6eUKZXaKkcviH0Ku9w2n3V,5p7f24Rk5HkUZsaS3BLG5F,Hailee Steinfeld
125,6eUKZXaKkcviH0Ku9w2n3V,6ydoSd3N2mwgwBHtF6K7eX,Calum Scott
126,6eUKZXaKkcviH0Ku9w2n3V,5pUo3fmmHT8bhCyHE52hA6,Liam Payne
127,6eUKZXaKkcviH0Ku9w2n3V,1Hsdzj7Dlq2I7tHP7501T4,Niall Horan
128,6eUKZXaKkcviH0Ku9w2n3V,4EzkuveR9pLvDVFNx6foYD,James Bay
129,6eUKZXaKkcviH0Ku9w2n3V,4GNC7GD6oZMSxPGyXy4MNB,Lewis Capaldi
130,6eUKZXaKkcviH0Ku9w2n3V,25u4wHJWxCA9vO0CzxAbK7,Lukas Graham
131,6eUKZXaKkcviH0Ku9w2n3V,4Rxn7Im3LGfyRkY2FlHhWi,Nick Jonas
132,6eUKZXaKkcviH0Ku9w2n3V,2wUjUUtkb5lvLKcGKsKqsR,Alessia Cara
133,6eUKZXaKkcviH0Ku9w2n3V,7gAppWoH7pcYmphCVTXkzs,The Vamps
134,6eUKZXaKkcviH0Ku9w2n3V,6T5tfhQCknKG4UnH90qGnz,DNCE
135,6eUKZXaKkcviH0Ku9w2n3V,6JL8zeS1NmiOftqZTRgdTz,Meghan Trainor
136,6eUKZXaKkcviH0Ku9w2n3V,4nDoRrQiYLoBzwC5BhVJzF,Camila Cabello
137,6eUKZXaKkcviH0Ku9w2n3V,3AQRLZ9PuTAozP28Skbq8V,The Script
138,6eUKZXaKkcviH0Ku9w2n3V,7DMveApC7UnC2NPfPvlHSU,Cheat Codes
139,7bXgB6jMjp9ATFy66eO08Z,20s0P9QLxGqKuCsGwFsp7w,Mario
140,7bXgB6jMjp9ATFy66eO08Z,2iojnBLj0qIMiKPvVhLnsH,Trey Songz
141,7bXgB6jMjp9ATFy66eO08Z,3aQeKQSyrW4qWr35idm0cy,T-Pain
142,7bXgB6jMjp9ATFy66eO08Z,1Xfmvd48oOhEWkscWyEbh9,Lloyd
143,7bXgB6jMjp9ATFy66eO08Z,0f5nVCcR06GX8Qikz0COtT,Omarion
144,7bXgB6jMjp9ATFy66eO08Z,6XwcepfAsPhrvwziGxhwju,Pretty Ricky
145,7bXgB6jMjp9ATFy66eO08Z,23zg3TcAtWQy7J6upgbUnj,Usher
146,7bXgB6jMjp9ATFy66eO08Z,7352aRY2mqSxBZwzUb6LmA,Bow Wow
147,7bXgB6jMjp9ATFy66eO08Z,1W3FSF1BLpY3hlVIgvenLz,The-Dream
148,7bXgB6jMjp9ATFy66eO08Z,3KV3p5EY4AvKxOlhGHORLg,Jeremih
149,7bXgB6jMjp9ATFy66eO08Z,19Fi1Rj7kk8kyiwxpXy3yM,August Alsina
150,7bXgB6jMjp9ATFy66eO08Z,21E3waRsmPlU7jZsS13rcj,Ne-Yo
151,7bXgB6jMjp9ATFy66eO08Z,1vfezMIyCr4XUdYRaKIKi3,Keyshia Cole
152,7bXgB6jMjp9ATFy66eO08Z,2NdeV5rLm47xAvogXrYhJX,Ciara
153,7bXgB6jMjp9ATFy66eO08Z,4tMm1dU6Gn04VAZ9ClHcIZ,Jacquees
154,7bXgB6jMjp9ATFy66eO08Z,4pADjHPWyrlAF0FA7joK2H,Jay Sean
155,7bXgB6jMjp9ATFy66eO08Z,7ibAWtDtmEfaVhc1FJ3Vl9,Eric Bellinger
156,7bXgB6jMjp9ATFy66eO08Z,6KZDXtSj0SzGOV705nNeh3,Kid Ink
157,7bXgB6jMjp9ATFy66eO08Z,7c0XG5cIJTrrAgEC3ULPiq,Ty Dolla $ign
158,7bXgB6jMjp9ATFy66eO08Z,67nwj3Y5sZQLl72VNUHEYE,Wale
159,56SjZARoEvag3RoKWIb16j,7KEQQy9VJpx2xaojUu2VTp,The Landers
160,56SjZARoEvag3RoKWIb16j,10cESI2qXWXWxfkeomFOON,Sajjan Adeeb
161,56SjZARoEvag3RoKWIb16j,3xZnxcyeC0vVaJvEA9VqrA,Jassie Gill
162,56SjZARoEvag3RoKWIb16j,0yniDkE5y7ci4X9OtLBXaQ,Sukh-E Muzical Doctorz
163,56SjZARoEvag3RoKWIb16j,6zZrFenNe3YPttxZsnQQs1,Akhil
164,56SjZARoEvag3RoKWIb16j,1wVbdx5kuHQgBfjiq4bwh3,Armaan Bedil
165,56SjZARoEvag3RoKWIb16j,7hVmdlsJp0E2WQIvVl8ngN,Millind Gaba
166,56SjZARoEvag3RoKWIb16j,3OQRPFFS3OsltFjFAXu1kE,Parmish Verma
167,56SjZARoEvag3RoKWIb16j,6pU5oz09VUYtnFTd4P1Mxn,Ranjit Bawa
168,56SjZARoEvag3RoKWIb16j,2sN4fSzAm2rAL0HIurPCEM,Maninder Buttar
169,56SjZARoEvag3RoKWIb16j,3uHUKCspaCzAab9A3LlGAr,Mankirt Aulakh
170,56SjZARoEvag3RoKWIb16j,2ZzyxohC32i649slMn9Kgk,Inder Chahal
171,56SjZARoEvag3RoKWIb16j,3TozxPbDes76aGFdfv7PMv,Jordan Sandhu
172,56SjZARoEvag3RoKWIb16j,7GgAwYJnBBFT1WogNWf0oj,Amrit Maan
173,56SjZARoEvag3RoKWIb16j,4ITkqBlf5eoVCOFwsJCnqo,Harrdy Sandhu
174,56SjZARoEvag3RoKWIb16j,45LSiycLy1JsWUMObvPvpX,Gurnam Bhullar
175,56SjZARoEvag3RoKWIb16j,5CGQa62CAweD76eHlDmp1m,Dilpreet Dhillon
176,56SjZARoEvag3RoKWIb16j,1fTMfqHcXtTa0G42Wu7qH5,Nawab
177,56SjZARoEvag3RoKWIb16j,0ea0y5ZxnN5TbEDzNtx5Fk,Nimrat Khaira
178,56SjZARoEvag3RoKWIb16j,557gXmWZK1P5T3yNLjvLXP,Gurshabad
179,0GiAC4VvvYCypjRH6IiasK,1Datdm9H2RYO6eXDRj0JvE,Abhishek Soni
180,0GiAC4VvvYCypjRH6IiasK,0NU4RKzpRuMwTyQRlPxqvD,Nupoor Khedkar
181,0GiAC4VvvYCypjRH6IiasK,1FRVSpZ9n3rZ6EwLzIy7SJ,Siddhant & Rickraj
182,0GiAC4VvvYCypjRH6IiasK,2twp1cO8nffCCXXYKXFKDg,Shaaze Merchant
183,0GiAC4VvvYCypjRH6IiasK,2LN5MUrqTO22jrkaRimIWj,Amrita Bagchi
184,0GiAC4VvvYCypjRH6IiasK,2JexWjjyHRNgAiDXNn7rsV,Nilotpal Bora
185,0GiAC4VvvYCypjRH6IiasK,3aAy6jFZLqqDUlMGSZcyaZ,Karthik Rao
186,0GiAC4VvvYCypjRH6IiasK,4O0UY7QlS80oeDZB1g7iWf,Arabinda Neog
187,0GiAC4VvvYCypjRH6IiasK,5iWCFFlFmvTuBtKwWDw1hl,Amar Mangrulkar
188,0GiAC4VvvYCypjRH6IiasK,6hzngLO20cX5IGqT0hVv1G,Anurag Saikia
189,0GiAC4VvvYCypjRH6IiasK,2qV4ArHDzLVSdX6GWy5R1z,Vaibhav Bundhoo
190,0GiAC4VvvYCypjRH6IiasK,0cPN6x5LmDIZjp6gFmAkqw,Twin Strings
191,0GiAC4VvvYCypjRH6IiasK,3qpyErDI4i90q5EGgSRmNK,Raghav Chaitanya
192,0GiAC4VvvYCypjRH6IiasK,39fT56OHEL2E98zDKrqBsC,Nikhil D'Souza
193,0GiAC4VvvYCypjRH6IiasK,2U5K35Kwj0LqkfG3ENnnSL,Akanksha Bhandari
194,0GiAC4VvvYCypjRH6IiasK,20tfEk8GA9lO1i0cZsslKS,KhoslaRaghu
195,0GiAC4VvvYCypjRH6IiasK,2FPwX3Gh0w4Qr1v3zSTtcT,Papon
196,0GiAC4VvvYCypjRH6IiasK,5kiwICyQNDmCtwOPLvgY04,Ashwin Adwani
197,0GiAC4VvvYCypjRH6IiasK,1VFIeAFbzMVHmvGQtfE6OI,Deepak Rathore Project
198,0GiAC4VvvYCypjRH6IiasK,43jHbOAD9UtOEO1la8CVHs,Vismay Patel
199,5wJ1H6ud777odtZl5gG507,3TOhzLRYnkkul71yRBxIoM,Akhil Sachdeva
200,5wJ1H6ud777odtZl5gG507,6jf2eKjiPT6P18RbOSLzf0,Arko
201,5wJ1H6ud777odtZl5gG507,1sVmXkzX2ukc6QvasrDBES,Asees Kaur
202,5wJ1H6ud777odtZl5gG507,6RF8hEdlUKoLPQOHmBbHiM,Yasser Desai
203,5wJ1H6ud777odtZl5gG507,64Bnlany1OG6esdJyOxyey,Tanzeel Khan
204,5wJ1H6ud777odtZl5gG507,1yzgJmZf5CxtFfGfRFm4Si,Gajendra Verma
205,5wJ1H6ud777odtZl5gG507,4frYdwmZRdSHIVELtSzLMu,Aditya Kumar
206,5wJ1H6ud777odtZl5gG507,3bAFvRjPZrpRz9Ox1sElQa,Arjun Kanungo
207,5wJ1H6ud777odtZl5gG507,6LCIgtcHUYILCEuCN6TSf6,Anushka Shahaney
208,5wJ1H6ud777odtZl5gG507,3FT3roFd2Vdc40rHLjUOQN,Rishbh Tiwari (Acoustic Rishbh)
209,5wJ1H6ud777odtZl5gG507,7qHsapL39aTQsPhixtzVvy,Ayushmann Khurrana
210,5wJ1H6ud777odtZl5gG507,0KPFtc1g1s733aBiFpVynZ,Monu Music
211,5wJ1H6ud777odtZl5gG507,2zvJLk0gTH7r7A5Q6X5Bq8,Javed-Mohsin
212,5wJ1H6ud777odtZl5gG507,3pQ4aA7dkolyjUAMrVScgh,Manan Bhardwaj
213,5wJ1H6ud777odtZl5gG507,76fuWYgIf3TVIopTs3vaJ6,Amaal Mallik
214,5wJ1H6ud777odtZl5gG507,4awHnQRxXMldiNQbxc3Po3,Rahul Jai
215,5wJ1H6ud777odtZl5gG507,5SuRAj1A9FEHj5NxS86YAm,Shafqat Amanat Ali
216,5wJ1H6ud777odtZl5gG507,6QtJ6BVdj43aDpgjnVp2tY,Mohammed Irfan
217,5wJ1H6ud777odtZl5gG507,1UAzmnFgjizIDvtHvnCdEq,Stebin Ben
218,4tZwfgrHOc3mvqYlEYSvVi,1gR0gsQYfi6joyO1dlp76N,Justice
219,4tZwfgrHOc3mvqYlEYSvVi,0UF7XLthtbSF2Eur7559oV,Kavinsky
220,4tZwfgrHOc3mvqYlEYSvVi,0iui2Be5CP8EWxvHYsVspL,Breakbot
221,4tZwfgrHOc3mvqYlEYSvVi,1GhPHrq36VKCY3ucVaZCfo,The Chemical Brothers
222,4tZwfgrHOc3mvqYlEYSvVi,0AkpPlFLnr0VQwZQeMGht0,Modjo
223,4tZwfgrHOc3mvqYlEYSvVi,2fBURuq7FrlH6z5F92mpOl,Digitalism
224,4tZwfgrHOc3mvqYlEYSvVi,57dN52uHvrHOxijzpIgu3E,Ratatat
225,4tZwfgrHOc3mvqYlEYSvVi,54QMjE4toDfiCryzYWCpXX,Metronomy
226,4tZwfgrHOc3mvqYlEYSvVi,67hb7towEyKvt5Z8Bx306c,Empire of the Sun
227,4tZwfgrHOc3mvqYlEYSvVi,3C8RpaI3Go0yFF9whvKoED,The Avalanches
228,4tZwfgrHOc3mvqYlEYSvVi,2CIMQHirSU0MQqyYHq0eOx,deadmau5
229,4tZwfgrHOc3mvqYlEYSvVi,4M84umUNRbZy1mJleyyRM9,Vitalic
230,4tZwfgrHOc3mvqYlEYSvVi,0Z5pcmXDCKTrFWLnDChC37,Miami Horror
231,4tZwfgrHOc3mvqYlEYSvVi,4Y7tXHSEejGu1vQ9bwDdXW,Fatboy Slim
232,4tZwfgrHOc3mvqYlEYSvVi,0b9ukmbg0MO5eMlorcgOwz,Mr. Oizo
233,4tZwfgrHOc3mvqYlEYSvVi,3hteYQFiMFbJY7wS0xDymP,Gesaffelstein
234,4tZwfgrHOc3mvqYlEYSvVi,6J7biCazzYhU3gM9j1wfid,Jamiroquai
235,4tZwfgrHOc3mvqYlEYSvVi,066X20Nz7iquqkkCW6Jxy6,LCD Soundsystem
236,4tZwfgrHOc3mvqYlEYSvVi,37uLId6Z5ZXCx19vuruvv5,Hot Chip
237,4tZwfgrHOc3mvqYlEYSvVi,4gwpcMTbLWtBUlOijbVpuu,Capital Cities
238,0m3D4grap8VFSzbJMqgNVk,42LjJH3ukomT0Jwx7wcOyA,Shameer Tandon
239,0m3D4grap8VFSzbJMqgNVk,34R6DQd8ErBy1xyOyMHFrq,Sachin Gupta
240,0m3D4grap8VFSzbJMqgNVk,1XUGerdrjDBJxF9ZfxMqDj,Mayur Puri
241,0m3D4grap8VFSzbJMqgNVk,59NOKD81sHIHKpAnAgzfFu,Amit Das
242,0m3D4grap8VFSzbJMqgNVk,02Um2HIOrUdsy3wqPBZwsj,Hemant Kumar
243,0m3D4grap8VFSzbJMqgNVk,7guD32ltIhsA1tHdf7IVe0,Babul Supriyo
244,0m3D4grap8VFSzbJMqgNVk,6qJdT7Ol8lHV3I2ONq9hBi,Bhuvana Chandra
245,0m3D4grap8VFSzbJMqgNVk,2orUNoekrlR9535wqclUgn,Shabbir
246,0m3D4grap8VFSzbJMqgNVk,2L16nDKTxhFGaDriR2AHTB,Lucky Ali
247,0m3D4grap8VFSzbJMqgNVk,4etv0ut4ws0GbXBtolzf5e,Mukesh
248,0m3D4grap8VFSzbJMqgNVk,6q6Ngi35NpLQaXfmGnJlwq,Style Bhai
249,0m3D4grap8VFSzbJMqgNVk,4OYgq5HqicvfcYOIyjsvYE,Manohar Shetty
250,0m3D4grap8VFSzbJMqgNVk,6CAQtU9fzCZwhfSB4r7ziG,Kishore
251,0m3D4grap8VFSzbJMqgNVk,4Qpbhxe0sO2zhvUVfODdZw,Pankaj Udhas
252,0m3D4grap8VFSzbJMqgNVk,4oVMLzAqW6qhRpZWt8fNw4,Kailash Kher
253,0m3D4grap8VFSzbJMqgNVk,5joms9wcKBYI3vyjEhcuAu,Sanjeev Wadhvani
254,0m3D4grap8VFSzbJMqgNVk,1gHVDWrG6hVra3ZxV7mQWd,Vinod Rathod
255,0m3D4grap8VFSzbJMqgNVk,4PkvJmT5oYNFXOSIBQmC6a,Merriene
256,0m3D4grap8VFSzbJMqgNVk,0w4e7HVbqAHFPN6VkIlvhe,Suresh Wadkar
257,0m3D4grap8VFSzbJMqgNVk,1cXjeY6DeuvHqOLioXcHZk,Shubha Mudgal
258,0C8ZW7ezQVs4URX5aX7Kqx,6S2OmqARrzebs0tKUEyXyp,Demi Lovato
259,0C8ZW7ezQVs4URX5aX7Kqx,1l8Fu6IkuTP0U5QetQJ5Xt,Fifth Harmony
260,0C8ZW7ezQVs4URX5aX7Kqx,4nDoRrQiYLoBzwC5BhVJzF,Camila Cabello
261,0C8ZW7ezQVs4URX5aX7Kqx,6dJeKm76NjfXBNTpHmOhfO,Selena Gomez & The Scene
262,0C8ZW7ezQVs4URX5aX7Kqx,1o2NpYGqHiCq7FoiYdyd1x,Bea Miller
263,0C8ZW7ezQVs4URX5aX7Kqx,26VFTg2z8YR0cCuwLzESi2,Halsey
264,0C8ZW7ezQVs4URX5aX7Kqx,2wUjUUtkb5lvLKcGKsKqsR,Alessia Cara
265,0C8ZW7ezQVs4URX5aX7Kqx,0ZED1XzwlLHW4ZaG4lOT6m,Julia Michaels
266,0C8ZW7ezQVs4URX5aX7Kqx,6T5tfhQCknKG4UnH90qGnz,DNCE
267,0C8ZW7ezQVs4URX5aX7Kqx,66CXWjxzNUsdJxJ2JdwvnR,Ariana Grande
268,0C8ZW7ezQVs4URX5aX7Kqx,5CCwRZC6euC8Odo6y9X8jr,Rita Ora
269,0C8ZW7ezQVs4URX5aX7Kqx,6jJ0s89eD6GaHleKKya26X,Katy Perry
270,0C8ZW7ezQVs4URX5aX7Kqx,5p7f24Rk5HkUZsaS3BLG5F,Hailee Steinfeld
271,0C8ZW7ezQVs4URX5aX7Kqx,4Rxn7Im3LGfyRkY2FlHhWi,Nick Jonas
272,0C8ZW7ezQVs4URX5aX7Kqx,4VhL8KLjVso4vLfOLVViTb,Bridgit Mendler
273,0C8ZW7ezQVs4URX5aX7Kqx,1BhWF9W2PngtPSyobKg0rP,Pia Mia
274,0C8ZW7ezQVs4URX5aX7Kqx,4NHQUGzhtTLFvgF5SZesLK,Tove Lo
275,0C8ZW7ezQVs4URX5aX7Kqx,4m4SfDVbF5wxrwEjDKgi4k,Cher Lloyd
276,0C8ZW7ezQVs4URX5aX7Kqx,64M6ah0SkkRsnPGtGiRAbb,Bebe Rexha
277,0C8ZW7ezQVs4URX5aX7Kqx,1KYszkVzlhV3rAqmAcYIgd,Victorious Cast
278,0y59o4v8uw5crbN9M3JiL1,0E02VcvA5p1ndkLdqWD5JB,Ankit Tiwari
279,0y59o4v8uw5crbN9M3JiL1,5T2I75UlGBcWd5nVyfmL13,Mika Singh
280,0y59o4v8uw5crbN9M3JiL1,7uIbLdzzSEqnX0Pkrb56cR,Yo Yo Honey Singh
281,0y59o4v8uw5crbN9M3JiL1,6CXEwIaXYfVJ84biCxqc9k,Vishal Dadlani
282,0y59o4v8uw5crbN9M3JiL1,61if35zz1W11GejEkxTLEQ,Benny Dayal
283,0y59o4v8uw5crbN9M3JiL1,3eDT9fwXKuHWFvgZaaYC5v,Sunidhi Chauhan
284,0y59o4v8uw5crbN9M3JiL1,5f4QpKfy7ptCHwTqspnSJI,Neha Kakkar
285,0y59o4v8uw5crbN9M3JiL1,3tHD07u1ON4uHxmnT9rwqZ,Neeraj Shridhar
286,0y59o4v8uw5crbN9M3JiL1,0T1CMVkqffHlqEk4BcAph1,Tulsi Kumar
287,0y59o4v8uw5crbN9M3JiL1,5rQoBDKFnd1n6BkdbgVaRL,Guru Randhawa
288,0y59o4v8uw5crbN9M3JiL1,7HCqGPJcQTyGJ2yqntbuyr,Amit Trivedi
289,0y59o4v8uw5crbN9M3JiL1,6wa1AsxB9oJP7lwNSmbcYx,Daler Mehndi
290,0y59o4v8uw5crbN9M3JiL1,4fEkbug6kZzzJ8eYX6Kbbp,KK
291,0y59o4v8uw5crbN9M3JiL1,1BYjhAClGpBTLZfics0VRZ,Aastha Gill
292,0y59o4v8uw5crbN9M3JiL1,0sSxphmGskGCKlwB9xa6WU,Himesh Reshammiya
293,0y59o4v8uw5crbN9M3JiL1,04FsFHujpuqonrPXZrEJlK,Dev Negi
294,0y59o4v8uw5crbN9M3JiL1,0RMsiUCTjsdGjoKyhEm8Y4,Mamta Sharma
295,0y59o4v8uw5crbN9M3JiL1,1mBydYMVBECdDmMfE2sEUO,Sachin-Jigar
296,0y59o4v8uw5crbN9M3JiL1,5cB4d4jPYjMT326sjihQ4m,Shaan
297,0y59o4v8uw5crbN9M3JiL1,0NZtn1Kyq08alpHCTRf3dv,Tony Kakkar
298,7dGJo4pcD2V6oG8kP0tJRR,5Qi4Bb7a8C0a00NZcA77L0,D12
299,7dGJo4pcD2V6oG8kP0tJRR,77IURH5NC56Jn09QHi76is,Bad Meets Evil
300,7dGJo4pcD2V6oG8kP0tJRR,0NbfKEOTQCcwd6o7wSDOHI,The Game
301,7dGJo4pcD2V6oG8kP0tJRR,1HwM5zlC5qNWhJtM00yXzG,DMX
302,7dGJo4pcD2V6oG8kP0tJRR,6DPYiyq5kWVQS4RGwxzPC7,Dr. Dre
303,7dGJo4pcD2V6oG8kP0tJRR,3q7HBObVc0L8jNeTe5Gofh,50 Cent
304,7dGJo4pcD2V6oG8kP0tJRR,7EWU4FhUJM1sZQgQKdENeT,Hopsin
305,7dGJo4pcD2V6oG8kP0tJRR,2XnnxQzxFZG8qEPjakokPM,Obie Trice
306,7dGJo4pcD2V6oG8kP0tJRR,7hJcb9fa4alzcOq3EaNPoG,Snoop Dogg
307,7dGJo4pcD2V6oG8kP0tJRR,6UBA15slIuadJ8h2lPRPos,Tech N9ne
308,7dGJo4pcD2V6oG8kP0tJRR,4EnEZVjo3w1cwcQYePccay,N.W.A.
309,7dGJo4pcD2V6oG8kP0tJRR,3Mcii5XWf6E0lrY3Uky4cA,Ice Cube
310,7dGJo4pcD2V6oG8kP0tJRR,6evKD5JWJON3qPBJtUEmtY,G-Unit
311,7dGJo4pcD2V6oG8kP0tJRR,68DWke2VjdDmA75aJX5C57,Yelawolf
312,7dGJo4pcD2V6oG8kP0tJRR,4tujQJicOnuZRLiBFdp3Ou,Xzibit
313,7dGJo4pcD2V6oG8kP0tJRR,5me0Irg2ANcsgc93uaYrpb,The Notorious B.I.G.
314,7dGJo4pcD2V6oG8kP0tJRR,4OBJLual30L7gRl5UkeRcT,T.I.
315,7dGJo4pcD2V6oG8kP0tJRR,7B4hKK0S9QYnaoqa9OuwgX,Eazy-E
316,7dGJo4pcD2V6oG8kP0tJRR,4xRYI6VqpkE3UwrDrAZL8L,Logic
317,7dGJo4pcD2V6oG8kP0tJRR,6C1ohJrd5VydigQtaGy5Wa,Joyner Lucas
318,4f7KfxeHq9BiylGmyXepGt,2GoeZ0qOTt6kjsWW4eA6LS,Darshan Raval
319,4f7KfxeHq9BiylGmyXepGt,1dqPqXbxxYtCtLbKeAN2Ss,Akull
320,4f7KfxeHq9BiylGmyXepGt,1BYjhAClGpBTLZfics0VRZ,Aastha Gill
321,4f7KfxeHq9BiylGmyXepGt,3bAFvRjPZrpRz9Ox1sElQa,Arjun Kanungo
322,4f7KfxeHq9BiylGmyXepGt,5rQoBDKFnd1n6BkdbgVaRL,Guru Randhawa
323,4f7KfxeHq9BiylGmyXepGt,6zZrFenNe3YPttxZsnQQs1,Akhil
324,4f7KfxeHq9BiylGmyXepGt,0NZtn1Kyq08alpHCTRf3dv,Tony Kakkar
325,4f7KfxeHq9BiylGmyXepGt,4ITkqBlf5eoVCOFwsJCnqo,Harrdy Sandhu
326,4f7KfxeHq9BiylGmyXepGt,7qHsapL39aTQsPhixtzVvy,Ayushmann Khurrana
327,4f7KfxeHq9BiylGmyXepGt,1mBydYMVBECdDmMfE2sEUO,Sachin-Jigar
328,4f7KfxeHq9BiylGmyXepGt,3DYqdRwHGB8fjVO0JqAgN7,Siddharth Slathia
329,4f7KfxeHq9BiylGmyXepGt,008PpLcKUtVXle6JSwkq3I,Emiway Bantai
330,4f7KfxeHq9BiylGmyXepGt,5T2I75UlGBcWd5nVyfmL13,Mika Singh
331,4f7KfxeHq9BiylGmyXepGt,7JMBJmGMqw4H33HECyW4QP,Zack Knight
332,4f7KfxeHq9BiylGmyXepGt,1cfG7UM0OD4O1II1nd15Qo,Ash King
333,4f7KfxeHq9BiylGmyXepGt,0T1CMVkqffHlqEk4BcAph1,Tulsi Kumar
334,4f7KfxeHq9BiylGmyXepGt,3eDT9fwXKuHWFvgZaaYC5v,Sunidhi Chauhan
335,4f7KfxeHq9BiylGmyXepGt,0y59o4v8uw5crbN9M3JiL1,Badshah
336,4f7KfxeHq9BiylGmyXepGt,5f4QpKfy7ptCHwTqspnSJI,Neha Kakkar
337,4f7KfxeHq9BiylGmyXepGt,5qERXbPWPdUePjrAW00vuU,Raj Barman
338,74OaRjmyh0XyRZsQQQ5l7c,3cqeO3muWIW5uSmUDNCmyT,Rekha Bhardwaj
339,74OaRjmyh0XyRZsQQQ5l7c,3xU8YsNNkmWSPewlB18NUz,Harshdeep Kaur
340,74OaRjmyh0XyRZsQQQ5l7c,7HCqGPJcQTyGJ2yqntbuyr,Amit Trivedi
341,74OaRjmyh0XyRZsQQQ5l7c,2L16nDKTxhFGaDriR2AHTB,Lucky Ali
342,74OaRjmyh0XyRZsQQQ5l7c,5SuRAj1A9FEHj5NxS86YAm,Shafqat Amanat Ali
343,74OaRjmyh0XyRZsQQQ5l7c,1ciT67XXpG2HOVsLQjKdv6,Ankur Tewari
344,74OaRjmyh0XyRZsQQQ5l7c,7qHsapL39aTQsPhixtzVvy,Ayushmann Khurrana
345,74OaRjmyh0XyRZsQQQ5l7c,6CXEwIaXYfVJ84biCxqc9k,Vishal Dadlani
346,74OaRjmyh0XyRZsQQQ5l7c,3eDT9fwXKuHWFvgZaaYC5v,Sunidhi Chauhan
347,74OaRjmyh0XyRZsQQQ5l7c,0XL6ie7a0NY5FM05b9Rn5L,Farhan Akhtar
348,74OaRjmyh0XyRZsQQQ5l7c,7b6Ui7JVaBDEfZB9k6nHL0,The Local Train
349,74OaRjmyh0XyRZsQQQ5l7c,5GnnSrwNCGyfAU4zuIytiS,Mohit Chauhan
350,74OaRjmyh0XyRZsQQQ5l7c,5bv6NvAYNuvd2Vq13nHdG3,Sona Mohapatra
351,74OaRjmyh0XyRZsQQQ5l7c,3nQ125TJobosBH446Dsvvv,Kavita Seth
352,74OaRjmyh0XyRZsQQQ5l7c,3cKNppGLfcxdt9CtoHEZmQ,Ali Zafar
353,74OaRjmyh0XyRZsQQQ5l7c,4oVMLzAqW6qhRpZWt8fNw4,Kailash Kher
354,74OaRjmyh0XyRZsQQQ5l7c,3ZxZ03fj3tXBZHZWzvaLSM,Neeti Mohan
355,74OaRjmyh0XyRZsQQQ5l7c,1yzgJmZf5CxtFfGfRFm4Si,Gajendra Verma
356,74OaRjmyh0XyRZsQQQ5l7c,6jf2eKjiPT6P18RbOSLzf0,Arko
357,74OaRjmyh0XyRZsQQQ5l7c,6ohaQzKaXrobAL8paLSaxq,Salim–Sulaiman
358,46pWGuE3dSwY3bMMXGBvVS,3ZpEKRjHaHANcpk10u6Ntq,Ayra Starr
359,46pWGuE3dSwY3bMMXGBvVS,0a1SidMjD8D6EHvJph4n2H,Ruger
360,46pWGuE3dSwY3bMMXGBvVS,2NtQA3PY9chI8l65ejZLTP,SPINALL
361,46pWGuE3dSwY3bMMXGBvVS,3ONGmday8YN8AkbsRk01iL,Lojay
362,46pWGuE3dSwY3bMMXGBvVS,4ovtyvs7j1jSmwhkBGHqSr,Olamide
363,46pWGuE3dSwY3bMMXGBvVS,6lNEt5LSOQRUFl43OnnHUL,L.A.X
364,46pWGuE3dSwY3bMMXGBvVS,4TAoP0f9OuWZUesao43xUW,Mr Eazi
365,46pWGuE3dSwY3bMMXGBvVS,1E5hfn5BduN2nnoZCJmUVG,Victony
366,46pWGuE3dSwY3bMMXGBvVS,1fYVmAFB7sC7eDoF3mJXla,Wande Coal
367,46pWGuE3dSwY3bMMXGBvVS,2IK173RXLiCSQ8fhDlAb3s,Adekunle Gold
368,46pWGuE3dSwY3bMMXGBvVS,6dlzQ6fiPna40trq1Ek6cb,1da Banton
369,46pWGuE3dSwY3bMMXGBvVS,1hNaHKp2Za5YdOAG0WnRbc,Tiwa Savage
370,46pWGuE3dSwY3bMMXGBvVS,64oW4P0vsDhlorOxZKQi6a,DJ Tunez
371,46pWGuE3dSwY3bMMXGBvVS,1XavfPKBpNjkOfxHINlMHF,Joeboy
372,46pWGuE3dSwY3bMMXGBvVS,5yOvAmpIR7hVxiS6Ls5DPO,Omah Lay
373,46pWGuE3dSwY3bMMXGBvVS,3DNCUaKdMZcMVJIS7yTskd,Mayorkun
374,46pWGuE3dSwY3bMMXGBvVS,0XqLMMiljB30SqHKV9PYsD,Show Dem Camp
375,46pWGuE3dSwY3bMMXGBvVS,5JWBXFlYkBy3n2oN1To790,Mavins
376,46pWGuE3dSwY3bMMXGBvVS,3bxZkzk0PLHcetO9o4oxXn,Reekado Banks
377,46pWGuE3dSwY3bMMXGBvVS,6IhG3Yxm3UW98jhyBvrIut,Tekno
378,3bWIy9AUrQdiNeS62Bp3OP,6CXEwIaXYfVJ84biCxqc9k,Vishal Dadlani
379,3bWIy9AUrQdiNeS62Bp3OP,74OaRjmyh0XyRZsQQQ5l7c,Jasleen Royal
380,3bWIy9AUrQdiNeS62Bp3OP,61if35zz1W11GejEkxTLEQ,Benny Dayal
381,3bWIy9AUrQdiNeS62Bp3OP,3cKNppGLfcxdt9CtoHEZmQ,Ali Zafar
382,3bWIy9AUrQdiNeS62Bp3OP,1mBydYMVBECdDmMfE2sEUO,Sachin-Jigar
383,3bWIy9AUrQdiNeS62Bp3OP,4ITkqBlf5eoVCOFwsJCnqo,Harrdy Sandhu
384,3bWIy9AUrQdiNeS62Bp3OP,2k66ibJfgMigF5QWqUgLyR,OAFF
385,3bWIy9AUrQdiNeS62Bp3OP,3eDT9fwXKuHWFvgZaaYC5v,Sunidhi Chauhan
386,3bWIy9AUrQdiNeS62Bp3OP,72beYOeW2sb2yfcS4JsRvb,Ritviz
387,3bWIy9AUrQdiNeS62Bp3OP,3tHD07u1ON4uHxmnT9rwqZ,Neeraj Shridhar
388,3bWIy9AUrQdiNeS62Bp3OP,6ohaQzKaXrobAL8paLSaxq,Salim–Sulaiman
389,3bWIy9AUrQdiNeS62Bp3OP,1bTROl5p3rGTpvKeWnGgrw,Sohail Sen
390,3bWIy9AUrQdiNeS62Bp3OP,3cqeO3muWIW5uSmUDNCmyT,Rekha Bhardwaj
391,3bWIy9AUrQdiNeS62Bp3OP,5T2I75UlGBcWd5nVyfmL13,Mika Singh
392,3bWIy9AUrQdiNeS62Bp3OP,7HCqGPJcQTyGJ2yqntbuyr,Amit Trivedi
393,3bWIy9AUrQdiNeS62Bp3OP,6Wg3YW7eun3woBKYL8jJT6,Grewal
394,3bWIy9AUrQdiNeS62Bp3OP,6WOdPJmexxFINcKMkP2jMG,Sachet Tandon
395,3bWIy9AUrQdiNeS62Bp3OP,0y59o4v8uw5crbN9M3JiL1,Badshah
396,3bWIy9AUrQdiNeS62Bp3OP,7qHsapL39aTQsPhixtzVvy,Ayushmann Khurrana
397,3bWIy9AUrQdiNeS62Bp3OP,3NegWDGp038A3FIi3gSYzl,Ali Sethi
398,1sVmXkzX2ukc6QvasrDBES,3ZxZ03fj3tXBZHZWzvaLSM,Neeti Mohan
399,1sVmXkzX2ukc6QvasrDBES,3FgHkfb3IqG4WKuVe1xCXM,Sukriti Kakar
400,1sVmXkzX2ukc6QvasrDBES,0T1CMVkqffHlqEk4BcAph1,Tulsi Kumar
401,1sVmXkzX2ukc6QvasrDBES,6EpZnABzSqvQlgHPhT1QDM,Soham Naik
402,1sVmXkzX2ukc6QvasrDBES,5wQDQFm7Ku8WWGi5xqJ9lp,Jyotica Tangri
403,1sVmXkzX2ukc6QvasrDBES,0KPFtc1g1s733aBiFpVynZ,Monu Music
404,1sVmXkzX2ukc6QvasrDBES,04FsFHujpuqonrPXZrEJlK,Dev Negi
405,1sVmXkzX2ukc6QvasrDBES,6XypcJDBmfuRjq52PFUVwd,Rahul Vaidya
406,1sVmXkzX2ukc6QvasrDBES,1OPqAyxsQc8mcRmoNBAnVk,Dhvani Bhanushali
407,1sVmXkzX2ukc6QvasrDBES,1SyKki7JI1AZNKwgNMkn25,Sachet-Parampara
408,1sVmXkzX2ukc6QvasrDBES,6jf2eKjiPT6P18RbOSLzf0,Arko
409,1sVmXkzX2ukc6QvasrDBES,5tJx4B5oBr1LJkkHI8GFYX,Rahul Jain
410,1sVmXkzX2ukc6QvasrDBES,368MaTMR1St3mYhVUyjsCB,Anveshi Jain
411,1sVmXkzX2ukc6QvasrDBES,2zvJLk0gTH7r7A5Q6X5Bq8,Javed-Mohsin
412,1sVmXkzX2ukc6QvasrDBES,6RF8hEdlUKoLPQOHmBbHiM,Yasser Desai
413,1sVmXkzX2ukc6QvasrDBES,3xU8YsNNkmWSPewlB18NUz,Harshdeep Kaur
414,1sVmXkzX2ukc6QvasrDBES,3FT3roFd2Vdc40rHLjUOQN,Rishbh Tiwari (Acoustic Rishbh)
415,1sVmXkzX2ukc6QvasrDBES,6FtZhorjCMfkaVJ7kKdmq7,Payal Dev
416,1sVmXkzX2ukc6QvasrDBES,1BYjhAClGpBTLZfics0VRZ,Aastha Gill
417,1sVmXkzX2ukc6QvasrDBES,4awHnQRxXMldiNQbxc3Po3,Rahul Jai
418,2kfi47LWmlXzQ3p3kWonfQ,20YfM15fU24Wtzq7D25LTb,Nitin Shukla
419,2kfi47LWmlXzQ3p3kWonfQ,4KmQ045B05INLDYG8afkvK,Vineet Mishra
420,2kfi47LWmlXzQ3p3kWonfQ,4awHnQRxXMldiNQbxc3Po3,Rahul Jai
421,2kfi47LWmlXzQ3p3kWonfQ,7unYh5GgFyvCM2A7e1qD5O,Shaurya Jha
422,2kfi47LWmlXzQ3p3kWonfQ,3oHVLbNqBovgRlpW45SjVU,Vincent Boral
423,2kfi47LWmlXzQ3p3kWonfQ,3OzUySgSF8QxZScB0RxDCB,Namita Choudhary
424,2kfi47LWmlXzQ3p3kWonfQ,1GE8jiWTAhX18vP7Wqxig9,Hamza Malik
425,2kfi47LWmlXzQ3p3kWonfQ,64BRoUsqACYpTLeRwyxyIx,Shantanu Avinashi
426,2kfi47LWmlXzQ3p3kWonfQ,5ss3A6l3jqjRlvCReQmVv1,Amit Roy Roy
427,2kfi47LWmlXzQ3p3kWonfQ,3ozYqVCLohfpXIhalkhM8D,Aditya Rikhari
428,2kfi47LWmlXzQ3p3kWonfQ,3DYqdRwHGB8fjVO0JqAgN7,Siddharth Slathia
429,2kfi47LWmlXzQ3p3kWonfQ,1TqvZWSQJezdlQyLzXn8oq,M.Jay
430,2kfi47LWmlXzQ3p3kWonfQ,1znfVjU6DAiUP8mv0lC3f5,Kisswe Music
431,2kfi47LWmlXzQ3p3kWonfQ,0x2v0xyGahD23hn41i3BdH,Harish Sagane
432,2kfi47LWmlXzQ3p3kWonfQ,6L2yfQRH3GMXE6WutO0CD8,Khudgharz Official
433,2kfi47LWmlXzQ3p3kWonfQ,0GdriBgeReW1fUc2RJoPM7,Aditya Seal
434,2kfi47LWmlXzQ3p3kWonfQ,3pQ4aA7dkolyjUAMrVScgh,Manan Bhardwaj
435,3TOhzLRYnkkul71yRBxIoM,6jf2eKjiPT6P18RbOSLzf0,Arko
436,3TOhzLRYnkkul71yRBxIoM,1sVmXkzX2ukc6QvasrDBES,Asees Kaur
437,3TOhzLRYnkkul71yRBxIoM,3FT3roFd2Vdc40rHLjUOQN,Rishbh Tiwari (Acoustic Rishbh)
438,3TOhzLRYnkkul71yRBxIoM,0KPFtc1g1s733aBiFpVynZ,Monu Music
439,3TOhzLRYnkkul71yRBxIoM,5wJ1H6ud777odtZl5gG507,Vishal Mishra
440,3TOhzLRYnkkul71yRBxIoM,64Bnlany1OG6esdJyOxyey,Tanzeel Khan
441,3TOhzLRYnkkul71yRBxIoM,6RF8hEdlUKoLPQOHmBbHiM,Yasser Desai
442,3TOhzLRYnkkul71yRBxIoM,6LCIgtcHUYILCEuCN6TSf6,Anushka Shahaney
443,3TOhzLRYnkkul71yRBxIoM,4frYdwmZRdSHIVELtSzLMu,Aditya Kumar
444,3TOhzLRYnkkul71yRBxIoM,7qHsapL39aTQsPhixtzVvy,Ayushmann Khurrana
445,3TOhzLRYnkkul71yRBxIoM,5SuRAj1A9FEHj5NxS86YAm,Shafqat Amanat Ali
446,3TOhzLRYnkkul71yRBxIoM,4awHnQRxXMldiNQbxc3Po3,Rahul Jai
447,3TOhzLRYnkkul71yRBxIoM,1yzgJmZf5CxtFfGfRFm4Si,Gajendra Verma
448,3TOhzLRYnkkul71yRBxIoM,0T1CMVkqffHlqEk4BcAph1,Tulsi Kumar
449,3TOhzLRYnkkul71yRBxIoM,76fuWYgIf3TVIopTs3vaJ6,Amaal Mallik
450,3TOhzLRYnkkul71yRBxIoM,13nrEeiPROnPPB24YPYvuT,Vishal Rana
451,3TOhzLRYnkkul71yRBxIoM,3pQ4aA7dkolyjUAMrVScgh,Manan Bhardwaj
452,3TOhzLRYnkkul71yRBxIoM,1SyKki7JI1AZNKwgNMkn25,Sachet-Parampara
453,3TOhzLRYnkkul71yRBxIoM,2zvJLk0gTH7r7A5Q6X5Bq8,Javed-Mohsin
454,6DARBhWbfcS9E4yJzcliqQ,3wsrcGXTRAukQgXrUHJMwC,Himmat Sandhu
455,6DARBhWbfcS9E4yJzcliqQ,7GgAwYJnBBFT1WogNWf0oj,Amrit Maan
456,6DARBhWbfcS9E4yJzcliqQ,7KEQQy9VJpx2xaojUu2VTp,The Landers
457,6DARBhWbfcS9E4yJzcliqQ,3TozxPbDes76aGFdfv7PMv,Jordan Sandhu
458,6DARBhWbfcS9E4yJzcliqQ,1AQswtUT2D149M5GgdyYMv,Elly Mangat
459,6DARBhWbfcS9E4yJzcliqQ,4ziCsS6bX7D9e5cuCVRktx,Jass Bajwa
460,6DARBhWbfcS9E4yJzcliqQ,5CGQa62CAweD76eHlDmp1m,Dilpreet Dhillon
461,6DARBhWbfcS9E4yJzcliqQ,28kGdf2ant8i73Fab2F7xq,Amantej Hundal
462,6DARBhWbfcS9E4yJzcliqQ,5UJrlyFPFTGTlfepPJvzjv,Gurj Sidhu
463,6DARBhWbfcS9E4yJzcliqQ,3OQRPFFS3OsltFjFAXu1kE,Parmish Verma
464,6DARBhWbfcS9E4yJzcliqQ,6pU5oz09VUYtnFTd4P1Mxn,Ranjit Bawa
465,6DARBhWbfcS9E4yJzcliqQ,45LSiycLy1JsWUMObvPvpX,Gurnam Bhullar
466,6DARBhWbfcS9E4yJzcliqQ,3uHUKCspaCzAab9A3LlGAr,Mankirt Aulakh
467,6DARBhWbfcS9E4yJzcliqQ,10cESI2qXWXWxfkeomFOON,Sajjan Adeeb
468,6DARBhWbfcS9E4yJzcliqQ,67XQGZSc63AMXMINY8H7Fx,Tarsem Jassar
469,6DARBhWbfcS9E4yJzcliqQ,6TRcwPQiddMiQ6H22iwnoG,Rajvir Jawanda
470,6DARBhWbfcS9E4yJzcliqQ,5xeLNyuZaJBjLpyjopm22n,Kulbir Jhinjer
471,6DARBhWbfcS9E4yJzcliqQ,3xZnxcyeC0vVaJvEA9VqrA,Jassie Gill
472,6DARBhWbfcS9E4yJzcliqQ,0ea0y5ZxnN5TbEDzNtx5Fk,Nimrat Khaira
473,6DARBhWbfcS9E4yJzcliqQ,4ZPiabRclxJHc90C0eY8xh,A Kay
474,3Xt3RrJMFv5SZkCfUE8C1J,4QM5QCHicznALtX885CnZC,Slayyyter
475,3Xt3RrJMFv5SZkCfUE8C1J,1AHswQqsDNmu1xaE8KpBne,COBRAH
476,3Xt3RrJMFv5SZkCfUE8C1J,3amwMyDd1uxTBoUZlazZ9m,Brooke Candy
477,3Xt3RrJMFv5SZkCfUE8C1J,5XPJP6zfXVlPJtO4QSsSmQ,Chase Icon
478,3Xt3RrJMFv5SZkCfUE8C1J,3Vl9fyKMIdLMswk8ai3mm9,Rebecca Black
479,3Xt3RrJMFv5SZkCfUE8C1J,58hqTaCiqGrMsNmmm3qL7w,Bree Runway
480,3Xt3RrJMFv5SZkCfUE8C1J,0wnYgCeP013HkKoOyC5V32,Allie X
481,3Xt3RrJMFv5SZkCfUE8C1J,3M3wTTCDwicRubwMyHyEDy,Shygirl
482,3Xt3RrJMFv5SZkCfUE8C1J,5a2w2tgpLwv26BYJf2qYwu,SOPHIE
483,3Xt3RrJMFv5SZkCfUE8C1J,4k2ggpJpzdQHCBQ84f1jBy,Alaska Thunderfuck
484,3Xt3RrJMFv5SZkCfUE8C1J,25uiPmTg16RbhZWAqwLBy5,Charli XCX
485,3Xt3RrJMFv5SZkCfUE8C1J,2KEqzdPS7M5YwGmiuPTdr5,Rina Sawayama
486,3Xt3RrJMFv5SZkCfUE8C1J,5xmw3tD4MbvhA1ay1U0HEC,COUCOU CHLOE
487,3Xt3RrJMFv5SZkCfUE8C1J,5T68nryXXOMNE2kVe61fKX,Namasenda
488,3Xt3RrJMFv5SZkCfUE8C1J,202HZzqKvPsMHcbwnDZx7u,Dorian Electra
489,3Xt3RrJMFv5SZkCfUE8C1J,2SdOKxC1sSxEyv8JYERaNe,RuPaul
490,3Xt3RrJMFv5SZkCfUE8C1J,7pyhre5oEEFMqcgMEvJY7q,Sky Ferreira
491,3Xt3RrJMFv5SZkCfUE8C1J,4Cp42FwqEytHeaudurPKiN,Only Fire
492,3Xt3RrJMFv5SZkCfUE8C1J,4Ge8xMJNwt6EEXOzVXju9a,Caroline Polachek
493,3Xt3RrJMFv5SZkCfUE8C1J,7gRhy3MIPHQo5CXYfWaw9I,Azealia Banks
494,1sSYaQBOI71QZDZ9OWW3hp,0OS0NZnK7TGIAWx8MkWNFN,Intense
495,1sSYaQBOI71QZDZ9OWW3hp,5uhcvmuj3X2tr8ooCLrUAx,Signature By SB
496,1sSYaQBOI71QZDZ9OWW3hp,6MmvoeQxFPr8VWERxYdE5f,Straight Bank
497,1sSYaQBOI71QZDZ9OWW3hp,3O96LSvlQrNeKpZ8FuZkEk,BK
498,1sSYaQBOI71QZDZ9OWW3hp,56Rei6YiP40kS5yRu6Ozzc,Bunny Gill
499,1sSYaQBOI71QZDZ9OWW3hp,58o8gC55d5XSsI2MlTZ3M5,NseeB
500,1sSYaQBOI71QZDZ9OWW3hp,182srEbrmnlFxcwkqZ0NR6,Raf Saperra
501,1sSYaQBOI71QZDZ9OWW3hp,4s5P33ladNMi7gcBMHwp9a,HRJXT
502,1sSYaQBOI71QZDZ9OWW3hp,0YWNyLuQsYJfBtF7Ht6RJX,Vsinghs
503,1sSYaQBOI71QZDZ9OWW3hp,0z8tlga6Hzrvk66g6n3yjm,YXNG SXNGH
504,1sSYaQBOI71QZDZ9OWW3hp,3iDKP1bdLh3lqDftjVmEcm,Keetview$
505,1sSYaQBOI71QZDZ9OWW3hp,1cqZQSRjE8Bl0PABOkVU9c,G. Sidhu
506,1sSYaQBOI71QZDZ9OWW3hp,5NKQMEArcrzIPct2RXdS7A,Tarna
507,1sSYaQBOI71QZDZ9OWW3hp,1t44XSPiW7z8PebleCo7uP,Fateh
508,1sSYaQBOI71QZDZ9OWW3hp,0B6Y4zlto5DbCaU6eNLvXi,Bhalwaan
509,1sSYaQBOI71QZDZ9OWW3hp,4Lk9Mory8nRTolPO1TMMcN,Inderpal Moga
510,1sSYaQBOI71QZDZ9OWW3hp,28kGdf2ant8i73Fab2F7xq,Amantej Hundal
511,1sSYaQBOI71QZDZ9OWW3hp,3nqS8jzqmsPKFJTp0BOIel,Ikky
512,1sSYaQBOI71QZDZ9OWW3hp,1ZepPUbPtyDgmq1ktCLqcN,Supreme Sidhu
513,1sSYaQBOI71QZDZ9OWW3hp,4tnu4MuDLf51KcBOYvaB5W,NIJJAR
514,5uemEEtB1ZC3s1KM7gReeH,0FnHTpXidzx2HMEaqMerkt,Vijay Dk
515,5uemEEtB1ZC3s1KM7gReeH,008PpLcKUtVXle6JSwkq3I,Emiway Bantai
516,5uemEEtB1ZC3s1KM7gReeH,3Il6TyOnML9fMSCyDMbUCO,SAMBATA
517,5uemEEtB1ZC3s1KM7gReeH,5C1S9XwxMuuCciutwMhp5t,KR$NA
518,5uemEEtB1ZC3s1KM7gReeH,07iEy1AecUPVzfC2J2gCHR,Ikka
519,5uemEEtB1ZC3s1KM7gReeH,2oBG74gAocPMFv6Ij9ykdo,Seedhe Maut
520,5uemEEtB1ZC3s1KM7gReeH,0AK5uxL2fY52xEoj1bBySu,Loka
521,5uemEEtB1ZC3s1KM7gReeH,4Ai0pGz6GhQavjzaRhPTvz,DIVINE
522,5uemEEtB1ZC3s1KM7gReeH,2RS1R0tueoL8EJXTSBAt2F,Karma
523,5uemEEtB1ZC3s1KM7gReeH,7vlghc3VSBc7oPg2a2FRSq,MC INSANE
524,5uemEEtB1ZC3s1KM7gReeH,3mOWS2HCVfTNCiPiRuDqdf,J Trix
525,5uemEEtB1ZC3s1KM7gReeH,0VI5poXvvDVFaIPdL7M4rY,AFKAP
526,5uemEEtB1ZC3s1KM7gReeH,65pmgBULHr82D3llNlHtB8,Bali
527,5uemEEtB1ZC3s1KM7gReeH,5pqZ05b1zkz3er6iz4d4qr,Muhfaad
528,5uemEEtB1ZC3s1KM7gReeH,7n5rLZ6NonT1BXW1fQmbuA,Fotty Seven
529,5uemEEtB1ZC3s1KM7gReeH,5gzMmZ8RKovEfs38ca7hkG,Bella
530,5uemEEtB1ZC3s1KM7gReeH,7iEUKVcv42PUcIS696yadB,Nazz
531,5uemEEtB1ZC3s1KM7gReeH,6VbH1XK4t6KE5s3k85MTBd,KALAM INK
532,5uemEEtB1ZC3s1KM7gReeH,5UdFr0GeO7jKIaNIJgwB36,Raftaar
533,5uemEEtB1ZC3s1KM7gReeH,7oSaiYIWj9u22z7afFZc5o,Young Galib
534,5rQoBDKFnd1n6BkdbgVaRL,4ITkqBlf5eoVCOFwsJCnqo,Harrdy Sandhu
535,5rQoBDKFnd1n6BkdbgVaRL,2RlWC7XKizSOsZ8F3uGi59,Ammy Virk
536,5rQoBDKFnd1n6BkdbgVaRL,1CluO4PWr2z45POcQ92ZPs,Shivjot
537,5rQoBDKFnd1n6BkdbgVaRL,0mJDQBWytBhOh5JB1DOQ1c,Jasmine Sandlas
538,5rQoBDKFnd1n6BkdbgVaRL,7hVmdlsJp0E2WQIvVl8ngN,Millind Gaba
539,5rQoBDKFnd1n6BkdbgVaRL,0j2LQCxHNcJdkuJRa8KEp5,Pav Dharia
540,5rQoBDKFnd1n6BkdbgVaRL,2GoeZ0qOTt6kjsWW4eA6LS,Darshan Raval
541,5rQoBDKFnd1n6BkdbgVaRL,4f7KfxeHq9BiylGmyXepGt,Tanishk Bagchi
542,5rQoBDKFnd1n6BkdbgVaRL,7qHsapL39aTQsPhixtzVvy,Ayushmann Khurrana
543,5rQoBDKFnd1n6BkdbgVaRL,7AKO4PWJ6ToZVUfA5xmsIY,Sunanda Sharma
544,5rQoBDKFnd1n6BkdbgVaRL,0yniDkE5y7ci4X9OtLBXaQ,Sukh-E Muzical Doctorz
545,5rQoBDKFnd1n6BkdbgVaRL,3xZnxcyeC0vVaJvEA9VqrA,Jassie Gill
546,5rQoBDKFnd1n6BkdbgVaRL,1dqPqXbxxYtCtLbKeAN2Ss,Akull
547,5rQoBDKFnd1n6BkdbgVaRL,0NZtn1Kyq08alpHCTRf3dv,Tony Kakkar
548,5rQoBDKFnd1n6BkdbgVaRL,6zZrFenNe3YPttxZsnQQs1,Akhil
549,5rQoBDKFnd1n6BkdbgVaRL,3KDhyMTFZlrfAO0zK18z4t,Mickey Singh
550,5rQoBDKFnd1n6BkdbgVaRL,2sN4fSzAm2rAL0HIurPCEM,Maninder Buttar
551,5rQoBDKFnd1n6BkdbgVaRL,1BYjhAClGpBTLZfics0VRZ,Aastha Gill
552,5rQoBDKFnd1n6BkdbgVaRL,5T2I75UlGBcWd5nVyfmL13,Mika Singh
553,5rQoBDKFnd1n6BkdbgVaRL,4aopF0aU0Nbu5GtSorXV0W,The PropheC
554,1mBydYMVBECdDmMfE2sEUO,7HCqGPJcQTyGJ2yqntbuyr,Amit Trivedi
555,1mBydYMVBECdDmMfE2sEUO,1bTROl5p3rGTpvKeWnGgrw,Sohail Sen
556,1mBydYMVBECdDmMfE2sEUO,3qdu3XhzSzkRhbwdFKnSuw,Sajid-Wajid
557,1mBydYMVBECdDmMfE2sEUO,6ohaQzKaXrobAL8paLSaxq,Salim–Sulaiman
558,1mBydYMVBECdDmMfE2sEUO,0L5GV6LN8SWWUWIdBbTLTZ,Shankar-Ehsaan-Loy
559,1mBydYMVBECdDmMfE2sEUO,71hjb5G92mGoKRSAW3Cj00,Anu Malik
560,1mBydYMVBECdDmMfE2sEUO,4oVMLzAqW6qhRpZWt8fNw4,Kailash Kher
561,1mBydYMVBECdDmMfE2sEUO,554yyXUEFseU1dwvisHTik,Monty Sharma
562,1mBydYMVBECdDmMfE2sEUO,5cB4d4jPYjMT326sjihQ4m,Shaan
563,1mBydYMVBECdDmMfE2sEUO,4W91bbPB2CTSsHwt7eqNl7,Javed Ali
564,1mBydYMVBECdDmMfE2sEUO,5eWpthiGD66CLD4bQjvIBp,Sanjay Leela Bhansali
565,1mBydYMVBECdDmMfE2sEUO,09UmIX92EUH9hAK4bxvHx6,Mithoon
566,1mBydYMVBECdDmMfE2sEUO,3cqeO3muWIW5uSmUDNCmyT,Rekha Bhardwaj
567,1mBydYMVBECdDmMfE2sEUO,5SuRAj1A9FEHj5NxS86YAm,Shafqat Amanat Ali
568,1mBydYMVBECdDmMfE2sEUO,3eDT9fwXKuHWFvgZaaYC5v,Sunidhi Chauhan
569,1mBydYMVBECdDmMfE2sEUO,6Mv8GjQa7LKUGCAqa9qqdb,Vishal-Shekhar
570,1mBydYMVBECdDmMfE2sEUO,0oOet2f43PA68X5RxKobEy,Shreya Ghoshal
571,1mBydYMVBECdDmMfE2sEUO,5T2I75UlGBcWd5nVyfmL13,Mika Singh
572,1mBydYMVBECdDmMfE2sEUO,2L16nDKTxhFGaDriR2AHTB,Lucky Ali
573,1mBydYMVBECdDmMfE2sEUO,6CXEwIaXYfVJ84biCxqc9k,Vishal Dadlani
574,5gVozagAcRKYCeAVnlC3Nk,53ih5BWpttRzQak2SbPFjN,Hustler Player
575,5gVozagAcRKYCeAVnlC3Nk,13nrEeiPROnPPB24YPYvuT,Vishal Rana
576,5gVozagAcRKYCeAVnlC3Nk,3ozYqVCLohfpXIhalkhM8D,Aditya Rikhari
577,5gVozagAcRKYCeAVnlC3Nk,3bAFvRjPZrpRz9Ox1sElQa,Arjun Kanungo
578,5gVozagAcRKYCeAVnlC3Nk,0VI5poXvvDVFaIPdL7M4rY,AFKAP
579,5gVozagAcRKYCeAVnlC3Nk,64Bnlany1OG6esdJyOxyey,Tanzeel Khan
580,5gVozagAcRKYCeAVnlC3Nk,6o0MDEgo8moHPwQ1QXIs4c,Anurag Vashisht
581,5gVozagAcRKYCeAVnlC3Nk,43jHbOAD9UtOEO1la8CVHs,Vismay Patel
582,5gVozagAcRKYCeAVnlC3Nk,29ggvWc5EMcSk5RLQ5aXHr,Pratsofficial
583,5gVozagAcRKYCeAVnlC3Nk,2kfi47LWmlXzQ3p3kWonfQ,Madhur Sharma
584,5gVozagAcRKYCeAVnlC3Nk,1yzgJmZf5CxtFfGfRFm4Si,Gajendra Verma
585,5gVozagAcRKYCeAVnlC3Nk,4KmQ045B05INLDYG8afkvK,Vineet Mishra
586,5gVozagAcRKYCeAVnlC3Nk,45PG2L6Fh2XvYL4ONzpdoW,Dino James
587,5gVozagAcRKYCeAVnlC3Nk,5pqZ05b1zkz3er6iz4d4qr,Muhfaad
588,5gVozagAcRKYCeAVnlC3Nk,2RS1R0tueoL8EJXTSBAt2F,Karma
589,5gVozagAcRKYCeAVnlC3Nk,1zZAfmD9oBMBxA8RhSukbf,Flowbo
590,5gVozagAcRKYCeAVnlC3Nk,4awHnQRxXMldiNQbxc3Po3,Rahul Jai
591,5gVozagAcRKYCeAVnlC3Nk,65pmgBULHr82D3llNlHtB8,Bali
592,5gVozagAcRKYCeAVnlC3Nk,20YfM15fU24Wtzq7D25LTb,Nitin Shukla
593,5gVozagAcRKYCeAVnlC3Nk,7n5rLZ6NonT1BXW1fQmbuA,Fotty Seven
594,3NegWDGp038A3FIi3gSYzl,3hVxqR4x3D6PaJWHICzhpt,Umer Farooq
595,3NegWDGp038A3FIi3gSYzl,7J2gs5q2wLq6lU4q4wkyuV,Momina Mustehsan
596,3NegWDGp038A3FIi3gSYzl,6znPk9JRNmg6uyB6h8nJu3,Kaavish
597,3NegWDGp038A3FIi3gSYzl,5THsb9SGB89ZN6mj7ZYVSD,Sajjad Ali
598,3NegWDGp038A3FIi3gSYzl,4EkSOXM6psqNE4w6j0tEEl,Abida Parveen
599,3NegWDGp038A3FIi3gSYzl,07g02xbfLHmRdZaz5NAWru,Farida Khanum
600,3NegWDGp038A3FIi3gSYzl,73Qu5twIpvKmLU0rPaEJi4,Mehdi Hassan
601,3NegWDGp038A3FIi3gSYzl,5r3gdJkUB4oAcnuIGXEB7q,Quratulain Balouch
602,3NegWDGp038A3FIi3gSYzl,3atMq790wQ7IqjeSO0HFeP,Bayaan
603,3NegWDGp038A3FIi3gSYzl,0QuAJhN4N4LgXtdU3yUS24,Zeb Bangash
604,3NegWDGp038A3FIi3gSYzl,3nQ125TJobosBH446Dsvvv,Kavita Seth
605,3NegWDGp038A3FIi3gSYzl,6WKmWnj8GuxXXx1bB0QFw8,Abdullah Qureshi
606,3NegWDGp038A3FIi3gSYzl,3kWXWAhuqNT4YdeFXamYsH,Kaavish and Quratulain Balouch
607,3NegWDGp038A3FIi3gSYzl,2fizRsm6KDWZvysU00yZrX,Strings
608,3NegWDGp038A3FIi3gSYzl,7lDDbppbcK5F2ZJXG12pru,Asfar Hussain
609,3NegWDGp038A3FIi3gSYzl,5hjVqhHwLYWW9ZIxuILJF7,Hassan & Roshaan
610,3NegWDGp038A3FIi3gSYzl,6gWwKC0laX7pTPjNgrwvQR,Meesha Shafi
611,3NegWDGp038A3FIi3gSYzl,1Bz46nDCMO1UOKp9GJjL92,Zeeshan Ali
612,3NegWDGp038A3FIi3gSYzl,5SuRAj1A9FEHj5NxS86YAm,Shafqat Amanat Ali
613,3NegWDGp038A3FIi3gSYzl,5bxVbtf4t5k1QPmy0XDvgv,Shamoon Ismail
614,7kjSuFGKhLm8b5qXoMhRkJ,0SwPkNmxB2YGHWVJMI8kpW,Raybekah
615,7kjSuFGKhLm8b5qXoMhRkJ,4wAqlYtTaaHELEgyCh9KjG,Fave
616,7kjSuFGKhLm8b5qXoMhRkJ,3ZpEKRjHaHANcpk10u6Ntq,Ayra Starr
617,7kjSuFGKhLm8b5qXoMhRkJ,1zO1FWFxxNUCqUuGATxZQZ,Gyakie
618,7kjSuFGKhLm8b5qXoMhRkJ,5JWBXFlYkBy3n2oN1To790,Mavins
619,7kjSuFGKhLm8b5qXoMhRkJ,3WTrdbZU99dgTtt3ZkyamT,Oxlade
620,7kjSuFGKhLm8b5qXoMhRkJ,4Xj0nxVO4r7PLEaw7LRiBa,melvitto
621,7kjSuFGKhLm8b5qXoMhRkJ,5Jv1MsZBh0sqokFq7pU8Xg,Pheelz
622,7kjSuFGKhLm8b5qXoMhRkJ,0rskhjcLm5BxjwZDRs4142,Magixx
623,7kjSuFGKhLm8b5qXoMhRkJ,1xBARhKI09ZTmeePVDWMCf,Rotimi
624,7kjSuFGKhLm8b5qXoMhRkJ,7dYb5EKtRnRaWM0GQ12cKC,June Freedom
625,7kjSuFGKhLm8b5qXoMhRkJ,2IK173RXLiCSQ8fhDlAb3s,Adekunle Gold
626,7kjSuFGKhLm8b5qXoMhRkJ,1E5hfn5BduN2nnoZCJmUVG,Victony
627,7kjSuFGKhLm8b5qXoMhRkJ,4Ns55iOSe1Im2WU2e1Eym0,Simi
628,7kjSuFGKhLm8b5qXoMhRkJ,6FbCERtE2CKqEWihHMYjcG,Bayanni
629,7kjSuFGKhLm8b5qXoMhRkJ,1XavfPKBpNjkOfxHINlMHF,Joeboy
630,7kjSuFGKhLm8b5qXoMhRkJ,1hNaHKp2Za5YdOAG0WnRbc,Tiwa Savage
631,7kjSuFGKhLm8b5qXoMhRkJ,4VUZyzya1v8H9StAeuKYXW,Nana Fofie
632,7kjSuFGKhLm8b5qXoMhRkJ,3xBgAZIqiYzRh0Du0uXFAk,Majeeed
633,7kjSuFGKhLm8b5qXoMhRkJ,3ONGmday8YN8AkbsRk01iL,Lojay
634,4xd7mLI7urqrxELaXhAvzw,19LIHDDSHBD5NyYHI3gpzB,Shilpa Rao
635,4xd7mLI7urqrxELaXhAvzw,2j9QVMZlqIj4Cb9UISBrXK,Clinton Cerejo
636,4xd7mLI7urqrxELaXhAvzw,3xU8YsNNkmWSPewlB18NUz,Harshdeep Kaur
637,4xd7mLI7urqrxELaXhAvzw,3nQ125TJobosBH446Dsvvv,Kavita Seth
638,4xd7mLI7urqrxELaXhAvzw,281Vp9LDrWkHMHQzfQHWCt,Rashid Ali
639,4xd7mLI7urqrxELaXhAvzw,1JdHoZwkwOmX2Pl2iTwnzc,Vishal Bhardwaj
640,4xd7mLI7urqrxELaXhAvzw,6CXEwIaXYfVJ84biCxqc9k,Vishal Dadlani
641,4xd7mLI7urqrxELaXhAvzw,3cqeO3muWIW5uSmUDNCmyT,Rekha Bhardwaj
642,4xd7mLI7urqrxELaXhAvzw,0XL6ie7a0NY5FM05b9Rn5L,Farhan Akhtar
643,4xd7mLI7urqrxELaXhAvzw,71hjb5G92mGoKRSAW3Cj00,Anu Malik
644,4xd7mLI7urqrxELaXhAvzw,2L16nDKTxhFGaDriR2AHTB,Lucky Ali
645,4xd7mLI7urqrxELaXhAvzw,5SuRAj1A9FEHj5NxS86YAm,Shafqat Amanat Ali
646,4xd7mLI7urqrxELaXhAvzw,5bv6NvAYNuvd2Vq13nHdG3,Sona Mohapatra
647,4xd7mLI7urqrxELaXhAvzw,3tHD07u1ON4uHxmnT9rwqZ,Neeraj Shridhar
648,4xd7mLI7urqrxELaXhAvzw,4q7O0NIvhz0G1IgyfOmdcz,Swanand Kirkire
649,4xd7mLI7urqrxELaXhAvzw,554yyXUEFseU1dwvisHTik,Monty Sharma
650,4xd7mLI7urqrxELaXhAvzw,0IOJyZSSqmto4oze5nSCo0,Bombay Vikings
651,4xd7mLI7urqrxELaXhAvzw,2FPwX3Gh0w4Qr1v3zSTtcT,Papon
652,4xd7mLI7urqrxELaXhAvzw,4mBxoO0pAcMbAwuTcrcLMc,Alisha Chinai
653,4xd7mLI7urqrxELaXhAvzw,3eDT9fwXKuHWFvgZaaYC5v,Sunidhi Chauhan
654,5XKFrudbV4IiuE5WuTPRmT,6P5NO5hzJbuOqSdyPB7SJM,Ashe
655,5XKFrudbV4IiuE5WuTPRmT,5MLIxVYkY4Fc2dwdaYSS8G,Suriel Hess
656,5XKFrudbV4IiuE5WuTPRmT,3Os4q49SgEN0Tv3fxKw3Sp,Delaney Bailey
657,5XKFrudbV4IiuE5WuTPRmT,69bG9tC62d8oTFC9aTTosn,New West
658,5XKFrudbV4IiuE5WuTPRmT,4pZOG8ump4odtJJA4Cy7S8,Haley Joelle
659,5XKFrudbV4IiuE5WuTPRmT,027TpXKGwdXP7iwbjUSpV8,The Walters
660,5XKFrudbV4IiuE5WuTPRmT,4pfy05cNNTacuOQ6SiSu4v,Lyn Lapid
661,5XKFrudbV4IiuE5WuTPRmT,3jTU1IOqkO7Mz4zdbXPose,Stephen Dawes
662,5XKFrudbV4IiuE5WuTPRmT,3IR6DvP0x2a6oUSist9UMu,elijah woods
663,5XKFrudbV4IiuE5WuTPRmT,0ubGY2CcC0tvR0eE6hJaT8,Charlie Burg
664,5XKFrudbV4IiuE5WuTPRmT,0K87f3owemzI8NUCoEIXOB,vaultboy
665,5XKFrudbV4IiuE5WuTPRmT,0hDjKSKjl1DC7ovYTDJHe8,Bruno Major
666,5XKFrudbV4IiuE5WuTPRmT,1ZwhhTSUPr7EBZHd1GjOT7,mehro
667,5XKFrudbV4IiuE5WuTPRmT,4AMBKLK4ZalL6gm7uvvdZh,Sam MacPherson
668,5XKFrudbV4IiuE5WuTPRmT,12j6dJrPXanCBwY599pZxf,Matt Maltese
669,5XKFrudbV4IiuE5WuTPRmT,6xRlQCMpg8bmkHlluqDF7Z,Devin Kennedy
670,5XKFrudbV4IiuE5WuTPRmT,4lhUHpVOXmkEBGGHV71QCh,Chance Peña
671,5XKFrudbV4IiuE5WuTPRmT,6C7CCNJVIGEla8AI1LuBxI,Katherine Li
672,5XKFrudbV4IiuE5WuTPRmT,73BLwSX6gsNeVzS7DgI4xe,grentperez
673,5XKFrudbV4IiuE5WuTPRmT,4Ly0KABsxlx4fNj63zJTrF,Seafret
674,3FgHkfb3IqG4WKuVe1xCXM,1BYjhAClGpBTLZfics0VRZ,Aastha Gill
675,3FgHkfb3IqG4WKuVe1xCXM,0KDEADL3DeTLtENG3DliCd,QARAN
676,3FgHkfb3IqG4WKuVe1xCXM,5uKx0TzvPODEpeswJ6G18W,Sahil Arya
677,3FgHkfb3IqG4WKuVe1xCXM,1dqPqXbxxYtCtLbKeAN2Ss,Akull
678,3FgHkfb3IqG4WKuVe1xCXM,6RaaI1LFbz9RxyXlhVEBiR,MJ5
679,3FgHkfb3IqG4WKuVe1xCXM,1OPqAyxsQc8mcRmoNBAnVk,Dhvani Bhanushali
680,3FgHkfb3IqG4WKuVe1xCXM,69vXsJLW99gZRgxntkmPop,Shruti Rane
681,3FgHkfb3IqG4WKuVe1xCXM,1sVmXkzX2ukc6QvasrDBES,Asees Kaur
682,3FgHkfb3IqG4WKuVe1xCXM,368MaTMR1St3mYhVUyjsCB,Anveshi Jain
683,3FgHkfb3IqG4WKuVe1xCXM,7tH8oZj2nLERlp2hE5QNjp,Mellow D
684,3FgHkfb3IqG4WKuVe1xCXM,1cfG7UM0OD4O1II1nd15Qo,Ash King
685,3FgHkfb3IqG4WKuVe1xCXM,36vLOasO8BD2hzG9nab0ED,Shrey Singhal
686,3FgHkfb3IqG4WKuVe1xCXM,6FtZhorjCMfkaVJ7kKdmq7,Payal Dev
687,3FgHkfb3IqG4WKuVe1xCXM,3ZxZ03fj3tXBZHZWzvaLSM,Neeti Mohan
688,3FgHkfb3IqG4WKuVe1xCXM,04FsFHujpuqonrPXZrEJlK,Dev Negi
689,3FgHkfb3IqG4WKuVe1xCXM,5X6ShVeOR0RNA0QLpFksuj,Saaj Bhatt
690,3FgHkfb3IqG4WKuVe1xCXM,1SyKki7JI1AZNKwgNMkn25,Sachet-Parampara
691,3FgHkfb3IqG4WKuVe1xCXM,7AKO4PWJ6ToZVUfA5xmsIY,Sunanda Sharma
692,3FgHkfb3IqG4WKuVe1xCXM,3tPQOjkxO3mrYrrgkTeXgH,Nikhita Gandhi
693,3FgHkfb3IqG4WKuVe1xCXM,6qcIg4IPLulyc03mWR87N8,Kanika Kapoor
694,6qjhYs5KNSoSU6fNJqDGIo,1pXX6uuufA0Zrk4Ksuh4nv,Jus2
695,6qjhYs5KNSoSU6fNJqDGIo,4P2z6d4CeUedP7RKYansmO,Kill Hikari
696,6qjhYs5KNSoSU6fNJqDGIo,5wB8TItEIPBwxMVxVNeLxo,Phoenikz Avtaniz
697,6qjhYs5KNSoSU6fNJqDGIo,5A3lleCxbBBbtNTgZjj7QD,sushant
698,6qjhYs5KNSoSU6fNJqDGIo,5akLE4T9GWOcySnGtZdBC3,Burgettii
699,6qjhYs5KNSoSU6fNJqDGIo,3qLrvTEOQ0OGv2Kw8BdN5g,Acacia West
700,6qjhYs5KNSoSU6fNJqDGIo,6PXzb9jaG5bAOY7ccICh47,Patient Zero Beats
701,6qjhYs5KNSoSU6fNJqDGIo,6GXkLQCKY9AGc4F4yYGHqV,Ice Bear
702,6qjhYs5KNSoSU6fNJqDGIo,0nctkXQ44dcIxZ06zEGtRj,badp
703,6qjhYs5KNSoSU6fNJqDGIo,4jFolZNdNsmCX5SIqmQv3X,goldenchildren
704,6qjhYs5KNSoSU6fNJqDGIo,27z0anja060b2UZvzqteeZ,Prabal
705,6qjhYs5KNSoSU6fNJqDGIo,1XTYvBbOW8XZTMG2Ll0iNr,sauvignontrash
706,6qjhYs5KNSoSU6fNJqDGIo,0CvNv8YyTmDDlNuctQnNpu,Bryan Maejor
707,6qjhYs5KNSoSU6fNJqDGIo,4tpuU5KyrY1zytPgYGnxNF,Szmovy
708,6qjhYs5KNSoSU6fNJqDGIo,5webehDlzqsSapoO8wmwNA,Chyde
709,6qjhYs5KNSoSU6fNJqDGIo,69NXAR2kpX8fv5ed7xJpgx,Maadrhino
710,6qjhYs5KNSoSU6fNJqDGIo,0l0gRnqPszmcf6NQKcyuWH,HunnaV
711,6qjhYs5KNSoSU6fNJqDGIo,37R0uC9IIogsN6Zz3ptoPO,HounoP
712,6qjhYs5KNSoSU6fNJqDGIo,77eYPd2PnhvGKJHFFMmbR7,Tony Thriller
713,6qjhYs5KNSoSU6fNJqDGIo,4GOxZH5EE1JMHO0z8QiW4t,Dibyo
714,2vJvM1hPBYqDoGBje0kRMd,0QntOArZgiNHoemAzwJPu5,Gur Sidhu
715,2vJvM1hPBYqDoGBje0kRMd,28kGdf2ant8i73Fab2F7xq,Amantej Hundal
716,2vJvM1hPBYqDoGBje0kRMd,1mUl05hT77FrwVFW51wOlr,JERRY
717,2vJvM1hPBYqDoGBje0kRMd,3wsrcGXTRAukQgXrUHJMwC,Himmat Sandhu
718,2vJvM1hPBYqDoGBje0kRMd,48cVwD5hffidwvlxLCc2pm,Zehr Vibe
719,2vJvM1hPBYqDoGBje0kRMd,2hmIpieYhZEQJDzlWpNMQg,Romey Maan
720,2vJvM1hPBYqDoGBje0kRMd,7balJhYEvDHAshA39peuCr,Saabi Bhinder
721,2vJvM1hPBYqDoGBje0kRMd,4T8KtF2YGesSSw3jgAVura,Mani Longia
722,2vJvM1hPBYqDoGBje0kRMd,4tnu4MuDLf51KcBOYvaB5W,NIJJAR
723,2vJvM1hPBYqDoGBje0kRMd,6PdJJhJWHFRtoERTQ8JGq1,Navaan Sandhu
724,2vJvM1hPBYqDoGBje0kRMd,3fn50P81Whm1meTnMmS8zX,Pavitar Lassoi
725,2vJvM1hPBYqDoGBje0kRMd,4Uf7FQlaAnd8APkdudp2cc,Deep Chahal
726,2vJvM1hPBYqDoGBje0kRMd,6xLk6uOnCRbbyQuS7Qb0uC,Lopon Sidhu
727,2vJvM1hPBYqDoGBje0kRMd,7KEQQy9VJpx2xaojUu2VTp,The Landers
728,2vJvM1hPBYqDoGBje0kRMd,6rHyVOJFRsLEOo1aOd2zQG,Kahlon
729,2vJvM1hPBYqDoGBje0kRMd,4ziCsS6bX7D9e5cuCVRktx,Jass Bajwa
730,2vJvM1hPBYqDoGBje0kRMd,5CGQa62CAweD76eHlDmp1m,Dilpreet Dhillon
731,2vJvM1hPBYqDoGBje0kRMd,0sYnCQ9Eb3RbEHOqVQST8d,Roop Bhullar
732,2vJvM1hPBYqDoGBje0kRMd,5Dr08SCxyjTmDovDDRZCa2,Shree Brar
733,2vJvM1hPBYqDoGBje0kRMd,0B6Y4zlto5DbCaU6eNLvXi,Bhalwaan
734,2Yf4MRVpt0rcAd5y5h5ph1,6eMFGgGDh5iXU1POAK0cpe,Suraj Jagan
735,2Yf4MRVpt0rcAd5y5h5ph1,281Vp9LDrWkHMHQzfQHWCt,Rashid Ali
736,2Yf4MRVpt0rcAd5y5h5ph1,4xd7mLI7urqrxELaXhAvzw,Shekhar Ravjiani
737,2Yf4MRVpt0rcAd5y5h5ph1,0Yb0T3wUUNiIvHjqnfkbuH,Mahalakshmi Iyer
738,2Yf4MRVpt0rcAd5y5h5ph1,0XL6ie7a0NY5FM05b9Rn5L,Farhan Akhtar
739,2Yf4MRVpt0rcAd5y5h5ph1,19LIHDDSHBD5NyYHI3gpzB,Shilpa Rao
740,2Yf4MRVpt0rcAd5y5h5ph1,5GnnSrwNCGyfAU4zuIytiS,Mohit Chauhan
741,2Yf4MRVpt0rcAd5y5h5ph1,2L16nDKTxhFGaDriR2AHTB,Lucky Ali
742,2Yf4MRVpt0rcAd5y5h5ph1,4oVMLzAqW6qhRpZWt8fNw4,Kailash Kher
743,2Yf4MRVpt0rcAd5y5h5ph1,0IOJyZSSqmto4oze5nSCo0,Bombay Vikings
744,2Yf4MRVpt0rcAd5y5h5ph1,7HCqGPJcQTyGJ2yqntbuyr,Amit Trivedi
745,2Yf4MRVpt0rcAd5y5h5ph1,6OtSnLYtKgJTIzcNjkK4Zn,Instant Karma
746,2Yf4MRVpt0rcAd5y5h5ph1,71oGOxg5ez52Hh1Ye41A98,Mustafa Zahid
747,2Yf4MRVpt0rcAd5y5h5ph1,2j9QVMZlqIj4Cb9UISBrXK,Clinton Cerejo
748,2Yf4MRVpt0rcAd5y5h5ph1,4W91bbPB2CTSsHwt7eqNl7,Javed Ali
749,2Yf4MRVpt0rcAd5y5h5ph1,2fizRsm6KDWZvysU00yZrX,Strings
750,2Yf4MRVpt0rcAd5y5h5ph1,2DwWEmeVaWxwkjbnyPlNZT,Dominique Cerejo
751,2Yf4MRVpt0rcAd5y5h5ph1,09UmIX92EUH9hAK4bxvHx6,Mithoon
752,2Yf4MRVpt0rcAd5y5h5ph1,03SZmfKAgYRQKUwy0EoJUa,Roop Kumar Rathod
753,2Yf4MRVpt0rcAd5y5h5ph1,5gPmyKuAUQRa75lvYq5x5P,Colonial Cousins
754,1SyKki7JI1AZNKwgNMkn25,6WOdPJmexxFINcKMkP2jMG,Sachet Tandon
755,1SyKki7JI1AZNKwgNMkn25,1E6arsXf5Fgsnv9YpSzjpE,Parampara Tandon
756,1SyKki7JI1AZNKwgNMkn25,0wmFEqpoc2FgAv8IPtCLBW,Karan Sehmbi
757,1SyKki7JI1AZNKwgNMkn25,0NL5y5XDX80Yljh9ix8ojz,Dj Raahul Pai
758,1SyKki7JI1AZNKwgNMkn25,1aKCTrwSa1gZGO7U1FWMiN,BAJANIA GHAR
759,1SyKki7JI1AZNKwgNMkn25,368MaTMR1St3mYhVUyjsCB,Anveshi Jain
760,1SyKki7JI1AZNKwgNMkn25,5X6ShVeOR0RNA0QLpFksuj,Saaj Bhatt
761,1SyKki7JI1AZNKwgNMkn25,6UXtWzEh7DSBepGmaq7tXk,DJ Notorious
762,1SyKki7JI1AZNKwgNMkn25,6XypcJDBmfuRjq52PFUVwd,Rahul Vaidya
763,1SyKki7JI1AZNKwgNMkn25,6EpZnABzSqvQlgHPhT1QDM,Soham Naik
764,1SyKki7JI1AZNKwgNMkn25,5qERXbPWPdUePjrAW00vuU,Raj Barman
765,1SyKki7JI1AZNKwgNMkn25,6FtZhorjCMfkaVJ7kKdmq7,Payal Dev
766,1SyKki7JI1AZNKwgNMkn25,3DYqdRwHGB8fjVO0JqAgN7,Siddharth Slathia
767,1SyKki7JI1AZNKwgNMkn25,0GdriBgeReW1fUc2RJoPM7,Aditya Seal
768,1SyKki7JI1AZNKwgNMkn25,3oHVLbNqBovgRlpW45SjVU,Vincent Boral
769,1SyKki7JI1AZNKwgNMkn25,4FJhE5ToBQGzOGf0D5Xd1C,Abhijeet Srivastava
770,1SyKki7JI1AZNKwgNMkn25,1OPqAyxsQc8mcRmoNBAnVk,Dhvani Bhanushali
771,1SyKki7JI1AZNKwgNMkn25,3OzUySgSF8QxZScB0RxDCB,Namita Choudhary
772,1SyKki7JI1AZNKwgNMkn25,1sVmXkzX2ukc6QvasrDBES,Asees Kaur
773,1SyKki7JI1AZNKwgNMkn25,69vXsJLW99gZRgxntkmPop,Shruti Rane
774,4nJ0kto93jDLHQKmpGeYS8,4GEyPR3J4DYvuTRuPJQ0CW,Anvita Dutt Guptan
775,4nJ0kto93jDLHQKmpGeYS8,3UpmjPgIFSGqnxXuiwD014,Javed Akhtar
776,4nJ0kto93jDLHQKmpGeYS8,5vrekmDllMr5z3wHLRjusJ,Habib Faisal
777,5VVN3xZw1i2qihfITZlvCZ,6CtYzQvENTdGq5LPPsePdV,Vijay Antony
778,5VVN3xZw1i2qihfITZlvCZ,20k9i5MJ09Zbjg7P4osPrh,Srikanth Deva
779,5VVN3xZw1i2qihfITZlvCZ,5TB837uKG65w8Jnz5D0bS5,Vidyasagar
780,5VVN3xZw1i2qihfITZlvCZ,29aw5YCdIw2FEXYyAJZI8l,Harris Jayaraj
781,5VVN3xZw1i2qihfITZlvCZ,5sSzCxHtgL82pYDvx2QyEU,Devi Sri Prasad
782,5VVN3xZw1i2qihfITZlvCZ,0a4PNswQHfm1lfnOCTjVeh,James Vasanthan
783,5VVN3xZw1i2qihfITZlvCZ,3AMxH9QIPZbK8ND8C9j4Ss,Mani Sharma
784,5VVN3xZw1i2qihfITZlvCZ,6AiX12wXdXFoGJ2vk8zBjy,Yuvan Shankar Raja
785,5VVN3xZw1i2qihfITZlvCZ,7zFlr6Y537SdALqy0Xfvth,Ranjith Govind
786,5VVN3xZw1i2qihfITZlvCZ,1QcBqYUeQ4Ux3itkdDaFi0,D. Imman
787,5VVN3xZw1i2qihfITZlvCZ,1QvyquqkuuwUzdszyoKIy4,Haricharan
788,5VVN3xZw1i2qihfITZlvCZ,0PykiHCcDsMPRV7s67qZ1B,Tippu
789,5VVN3xZw1i2qihfITZlvCZ,5a2WF7juQ5oilpZCqikRtP,Rahul Nambiar
790,5VVN3xZw1i2qihfITZlvCZ,5FVBduYaeVBb6JIghza7v6,Santhosh Narayanan
791,5VVN3xZw1i2qihfITZlvCZ,4Kw0NhqitzjxLy1jH5FlTg,Harish Raghavendra
792,5VVN3xZw1i2qihfITZlvCZ,3m49WVMU4zCkaVEKb8kFW7,Ilaiyaraaja
793,5VVN3xZw1i2qihfITZlvCZ,7FaGCZiP3s6X7jQTB8EhfI,Naresh Iyer
794,5VVN3xZw1i2qihfITZlvCZ,6rEXjeIJ0wL6BFdo8CRcit,Saindhavi
795,5VVN3xZw1i2qihfITZlvCZ,2F3KtUVtrt2GLjcl6pB4cz,Dhanush
796,5VVN3xZw1i2qihfITZlvCZ,4XOgtTx2nc2NMbPOwVw1Vz,Bharadwaj
797,3nqS8jzqmsPKFJTp0BOIel,1cqZQSRjE8Bl0PABOkVU9c,G. Sidhu
798,3nqS8jzqmsPKFJTp0BOIel,182srEbrmnlFxcwkqZ0NR6,Raf Saperra
799,3nqS8jzqmsPKFJTp0BOIel,0r6tUqpXxetklBsrzkqoM9,Soni Pabla
800,3nqS8jzqmsPKFJTp0BOIel,0OS0NZnK7TGIAWx8MkWNFN,Intense
801,3nqS8jzqmsPKFJTp0BOIel,5uhcvmuj3X2tr8ooCLrUAx,Signature By SB
802,3nqS8jzqmsPKFJTp0BOIel,58o8gC55d5XSsI2MlTZ3M5,NseeB
803,3nqS8jzqmsPKFJTp0BOIel,4or2V6GqzOQ1jelR0echhv,Jitt
804,3nqS8jzqmsPKFJTp0BOIel,1t44XSPiW7z8PebleCo7uP,Fateh
805,3nqS8jzqmsPKFJTp0BOIel,1ZepPUbPtyDgmq1ktCLqcN,Supreme Sidhu
806,3nqS8jzqmsPKFJTp0BOIel,3O96LSvlQrNeKpZ8FuZkEk,BK
807,3nqS8jzqmsPKFJTp0BOIel,6cy6EJMGcPmrd9OnhOVjPm,Raaj Sohal
808,3nqS8jzqmsPKFJTp0BOIel,6MmvoeQxFPr8VWERxYdE5f,Straight Bank
809,3nqS8jzqmsPKFJTp0BOIel,6Mp7fezR1NJNc7tnybKo18,Sukshinder Shinda
810,3nqS8jzqmsPKFJTp0BOIel,3iDKP1bdLh3lqDftjVmEcm,Keetview$
811,3nqS8jzqmsPKFJTp0BOIel,0z8tlga6Hzrvk66g6n3yjm,YXNG SXNGH
812,3nqS8jzqmsPKFJTp0BOIel,4s5P33ladNMi7gcBMHwp9a,HRJXT
813,3nqS8jzqmsPKFJTp0BOIel,0YWNyLuQsYJfBtF7Ht6RJX,Vsinghs
814,3nqS8jzqmsPKFJTp0BOIel,30A8pUI01O6H41x7rvQpSt,JK
815,3nqS8jzqmsPKFJTp0BOIel,1sSYaQBOI71QZDZ9OWW3hp,Chani Nattan
816,3nqS8jzqmsPKFJTp0BOIel,0B6Y4zlto5DbCaU6eNLvXi,Bhalwaan
817,19LIHDDSHBD5NyYHI3gpzB,2j9QVMZlqIj4Cb9UISBrXK,Clinton Cerejo
818,19LIHDDSHBD5NyYHI3gpzB,3cqeO3muWIW5uSmUDNCmyT,Rekha Bhardwaj
819,19LIHDDSHBD5NyYHI3gpzB,3nQ125TJobosBH446Dsvvv,Kavita Seth
820,19LIHDDSHBD5NyYHI3gpzB,7HCqGPJcQTyGJ2yqntbuyr,Amit Trivedi
821,19LIHDDSHBD5NyYHI3gpzB,281Vp9LDrWkHMHQzfQHWCt,Rashid Ali
822,19LIHDDSHBD5NyYHI3gpzB,4xd7mLI7urqrxELaXhAvzw,Shekhar Ravjiani
823,19LIHDDSHBD5NyYHI3gpzB,1JdHoZwkwOmX2Pl2iTwnzc,Vishal Bhardwaj
824,19LIHDDSHBD5NyYHI3gpzB,0XL6ie7a0NY5FM05b9Rn5L,Farhan Akhtar
825,19LIHDDSHBD5NyYHI3gpzB,2L16nDKTxhFGaDriR2AHTB,Lucky Ali
826,19LIHDDSHBD5NyYHI3gpzB,5SuRAj1A9FEHj5NxS86YAm,Shafqat Amanat Ali
827,19LIHDDSHBD5NyYHI3gpzB,2fizRsm6KDWZvysU00yZrX,Strings
828,19LIHDDSHBD5NyYHI3gpzB,3DWbhNPz642SpTneSTHJv7,Labh Janjua
829,19LIHDDSHBD5NyYHI3gpzB,3xU8YsNNkmWSPewlB18NUz,Harshdeep Kaur
830,19LIHDDSHBD5NyYHI3gpzB,6eMFGgGDh5iXU1POAK0cpe,Suraj Jagan
831,19LIHDDSHBD5NyYHI3gpzB,6CXEwIaXYfVJ84biCxqc9k,Vishal Dadlani
832,19LIHDDSHBD5NyYHI3gpzB,7eYwycsUoAQLxKF1MNEvVa,Rabbi Shergill
833,19LIHDDSHBD5NyYHI3gpzB,0Xbdgzdm7k9BJ5gUgmAkpy,Indian Ocean
834,19LIHDDSHBD5NyYHI3gpzB,4W91bbPB2CTSsHwt7eqNl7,Javed Ali
835,19LIHDDSHBD5NyYHI3gpzB,5GnnSrwNCGyfAU4zuIytiS,Mohit Chauhan
836,19LIHDDSHBD5NyYHI3gpzB,66VUlJ41NQs9bRTflM4eGA,Agnee
837,1wRPtKGflJrBx9BmLsSwlU,7HCqGPJcQTyGJ2yqntbuyr,Amit Trivedi
838,1wRPtKGflJrBx9BmLsSwlU,09UmIX92EUH9hAK4bxvHx6,Mithoon
839,1wRPtKGflJrBx9BmLsSwlU,0L5GV6LN8SWWUWIdBbTLTZ,Shankar-Ehsaan-Loy
840,1wRPtKGflJrBx9BmLsSwlU,0sSxphmGskGCKlwB9xa6WU,Himesh Reshammiya
841,1wRPtKGflJrBx9BmLsSwlU,4oVMLzAqW6qhRpZWt8fNw4,Kailash Kher
842,1wRPtKGflJrBx9BmLsSwlU,3eDT9fwXKuHWFvgZaaYC5v,Sunidhi Chauhan
843,1wRPtKGflJrBx9BmLsSwlU,2L16nDKTxhFGaDriR2AHTB,Lucky Ali
844,1wRPtKGflJrBx9BmLsSwlU,4fEkbug6kZzzJ8eYX6Kbbp,KK
845,1wRPtKGflJrBx9BmLsSwlU,0oOet2f43PA68X5RxKobEy,Shreya Ghoshal
846,1wRPtKGflJrBx9BmLsSwlU,2ZRrPOjBIWoKK5rHedLijj,Abhijeet
847,1wRPtKGflJrBx9BmLsSwlU,1dVygo6tRFXC8CSWURQJq2,Sonu Nigam
848,1wRPtKGflJrBx9BmLsSwlU,03SZmfKAgYRQKUwy0EoJUa,Roop Kumar Rathod
849,1wRPtKGflJrBx9BmLsSwlU,2oSONSC9zQ4UonDKnLqksx,Atif Aslam
850,1wRPtKGflJrBx9BmLsSwlU,6Mv8GjQa7LKUGCAqa9qqdb,Vishal-Shekhar
851,1wRPtKGflJrBx9BmLsSwlU,3gBKY0y3dFFVRqicLnVZYz,Alka Yagnik
852,1wRPtKGflJrBx9BmLsSwlU,3OLGltG8UPIea8sA4w0yg0,Rahat Fateh Ali Khan
853,1wRPtKGflJrBx9BmLsSwlU,4K6blSRoklNdpw4mzLxwfn,Kumar Sanu
854,1wRPtKGflJrBx9BmLsSwlU,5GnnSrwNCGyfAU4zuIytiS,Mohit Chauhan
855,1wRPtKGflJrBx9BmLsSwlU,0E02VcvA5p1ndkLdqWD5JB,Ankit Tiwari
856,1wRPtKGflJrBx9BmLsSwlU,5cB4d4jPYjMT326sjihQ4m,Shaan
857,6Mv8GjQa7LKUGCAqa9qqdb,0L5GV6LN8SWWUWIdBbTLTZ,Shankar-Ehsaan-Loy
858,6Mv8GjQa7LKUGCAqa9qqdb,1bTROl5p3rGTpvKeWnGgrw,Sohail Sen
859,6Mv8GjQa7LKUGCAqa9qqdb,6AwwLwgIsTIXZ8kHWaZUj5,Sandesh Shandilya
860,6Mv8GjQa7LKUGCAqa9qqdb,0oOet2f43PA68X5RxKobEy,Shreya Ghoshal
861,6Mv8GjQa7LKUGCAqa9qqdb,0AWYFpUfZxzxKUgN5k0GrQ,Uttam Singh
862,6Mv8GjQa7LKUGCAqa9qqdb,5ixQ5hSywFLUaxoaA0uVaH,Anand Raj Anand
863,6Mv8GjQa7LKUGCAqa9qqdb,3qdu3XhzSzkRhbwdFKnSuw,Sajid-Wajid
864,6Mv8GjQa7LKUGCAqa9qqdb,5Uvn1P3OFu268QovsUAnDu,Madan Mohan
865,6Mv8GjQa7LKUGCAqa9qqdb,71hjb5G92mGoKRSAW3Cj00,Anu Malik
866,6Mv8GjQa7LKUGCAqa9qqdb,3eDT9fwXKuHWFvgZaaYC5v,Sunidhi Chauhan
867,6Mv8GjQa7LKUGCAqa9qqdb,6ohaQzKaXrobAL8paLSaxq,Salim–Sulaiman
868,6Mv8GjQa7LKUGCAqa9qqdb,09UmIX92EUH9hAK4bxvHx6,Mithoon
869,6Mv8GjQa7LKUGCAqa9qqdb,7HCqGPJcQTyGJ2yqntbuyr,Amit Trivedi
870,6Mv8GjQa7LKUGCAqa9qqdb,5cB4d4jPYjMT326sjihQ4m,Shaan
871,6Mv8GjQa7LKUGCAqa9qqdb,0sSxphmGskGCKlwB9xa6WU,Himesh Reshammiya
872,6Mv8GjQa7LKUGCAqa9qqdb,0T1CMVkqffHlqEk4BcAph1,Tulsi Kumar
873,6Mv8GjQa7LKUGCAqa9qqdb,6CXEwIaXYfVJ84biCxqc9k,Vishal Dadlani
874,6Mv8GjQa7LKUGCAqa9qqdb,554yyXUEFseU1dwvisHTik,Monty Sharma
875,6Mv8GjQa7LKUGCAqa9qqdb,1dVygo6tRFXC8CSWURQJq2,Sonu Nigam
876,6Mv8GjQa7LKUGCAqa9qqdb,5GnnSrwNCGyfAU4zuIytiS,Mohit Chauhan
877,6WOdPJmexxFINcKMkP2jMG,1SyKki7JI1AZNKwgNMkn25,Sachet-Parampara
878,6WOdPJmexxFINcKMkP2jMG,3pQ4aA7dkolyjUAMrVScgh,Manan Bhardwaj
879,6WOdPJmexxFINcKMkP2jMG,2zvJLk0gTH7r7A5Q6X5Bq8,Javed-Mohsin
880,6WOdPJmexxFINcKMkP2jMG,1UAzmnFgjizIDvtHvnCdEq,Stebin Ben
881,6WOdPJmexxFINcKMkP2jMG,0T1CMVkqffHlqEk4BcAph1,Tulsi Kumar
882,6WOdPJmexxFINcKMkP2jMG,3TOhzLRYnkkul71yRBxIoM,Akhil Sachdeva
883,6WOdPJmexxFINcKMkP2jMG,5wJ1H6ud777odtZl5gG507,Vishal Mishra
884,6WOdPJmexxFINcKMkP2jMG,6RF8hEdlUKoLPQOHmBbHiM,Yasser Desai
885,6WOdPJmexxFINcKMkP2jMG,1OPqAyxsQc8mcRmoNBAnVk,Dhvani Bhanushali
886,6WOdPJmexxFINcKMkP2jMG,0E02VcvA5p1ndkLdqWD5JB,Ankit Tiwari
887,6WOdPJmexxFINcKMkP2jMG,6FtZhorjCMfkaVJ7kKdmq7,Payal Dev
888,6WOdPJmexxFINcKMkP2jMG,0qpsFfOT3SmdGmnyV6rOhS,Meet Bros.
889,6WOdPJmexxFINcKMkP2jMG,5X6ShVeOR0RNA0QLpFksuj,Saaj Bhatt
890,6WOdPJmexxFINcKMkP2jMG,76fuWYgIf3TVIopTs3vaJ6,Amaal Mallik
891,6WOdPJmexxFINcKMkP2jMG,1sVmXkzX2ukc6QvasrDBES,Asees Kaur
892,6WOdPJmexxFINcKMkP2jMG,1cfG7UM0OD4O1II1nd15Qo,Ash King
893,6WOdPJmexxFINcKMkP2jMG,3dN9MQpjIyNxyeRfz4EDZe,Rochak Kohli
894,6WOdPJmexxFINcKMkP2jMG,5qERXbPWPdUePjrAW00vuU,Raj Barman
895,6WOdPJmexxFINcKMkP2jMG,1mBydYMVBECdDmMfE2sEUO,Sachin-Jigar
896,6WOdPJmexxFINcKMkP2jMG,6jf2eKjiPT6P18RbOSLzf0,Arko
897,4MJZBb8KABfKw0gzfgacpO,7xjydod85Q3f0Qab44c8oI,RAGA RINCHIN
898,4MJZBb8KABfKw0gzfgacpO,3ioOEaiQ1Zw6RMCesOOWfZ,Harjas Harjaayi
899,4MJZBb8KABfKw0gzfgacpO,0vZEDTIhGPOIRL0KjqMWTy,Kidshot
900,4MJZBb8KABfKw0gzfgacpO,7hI0IRD66iykVpXiieNRbe,Sez on the Beat
901,4MJZBb8KABfKw0gzfgacpO,3XbsFoxsYfrJyo9VZrbM16,Rawal
902,4MJZBb8KABfKw0gzfgacpO,5pqZ05b1zkz3er6iz4d4qr,Muhfaad
903,4MJZBb8KABfKw0gzfgacpO,3mOWS2HCVfTNCiPiRuDqdf,J Trix
904,4MJZBb8KABfKw0gzfgacpO,1oMKeiHXRkg7tNqwhaS3fu,MC Altaf
905,4MJZBb8KABfKw0gzfgacpO,5Op1QmEE3Eye8gdNrla3ok,Rap Demon
906,4MJZBb8KABfKw0gzfgacpO,23S2w22FCwFjDBBn7qdB2I,Deep Kalsi
907,4MJZBb8KABfKw0gzfgacpO,5UPhqOBfNq83B0vOaLocFM,GAUSH
908,4MJZBb8KABfKw0gzfgacpO,3oyIUDxlFBUqyP05ck3Nx6,Qaab
909,4MJZBb8KABfKw0gzfgacpO,08mu3VEvLCIWDq4t0NNoTN,Sikander Kahlon
910,4MJZBb8KABfKw0gzfgacpO,6WZbxCOTFeEqJHpcZYgDiG,Ab 17
911,4MJZBb8KABfKw0gzfgacpO,1yCVvGnMTuLeNzbXtgAytL,Rebel 7
912,4MJZBb8KABfKw0gzfgacpO,6CXOME0iQ8CJ3u3sNQC4gJ,Badkidz
913,4MJZBb8KABfKw0gzfgacpO,07iEy1AecUPVzfC2J2gCHR,Ikka
914,4MJZBb8KABfKw0gzfgacpO,4Jw8bandV6BAMsS85XggcH,Byg Smyle
915,4MJZBb8KABfKw0gzfgacpO,7n5rLZ6NonT1BXW1fQmbuA,Fotty Seven
916,4MJZBb8KABfKw0gzfgacpO,5gzMmZ8RKovEfs38ca7hkG,Bella
917,7jbG8tDQ5FmqBbTCj5dJdy,1DctKQQOA4GfV6Pc9WngX5,Addy Nagar
918,7jbG8tDQ5FmqBbTCj5dJdy,2rN8LHqK4TBI7y3d9POvJb,Dhanda Nyoliwala
919,7jbG8tDQ5FmqBbTCj5dJdy,2NV7RSOqlCvigkJ9xMBxDW,Jaura Phagwara
920,7jbG8tDQ5FmqBbTCj5dJdy,4naSOUBsPQeISuibs56w6Y,Vikram Sarkar
921,7jbG8tDQ5FmqBbTCj5dJdy,07hzX8SH6CEg7B2yl4hoKs,Amanraj Gill
922,7jbG8tDQ5FmqBbTCj5dJdy,0qzAeY2wBeUBxDUbBex1Hg,Devender Ahlawat
923,7jbG8tDQ5FmqBbTCj5dJdy,7n5rLZ6NonT1BXW1fQmbuA,Fotty Seven
924,7jbG8tDQ5FmqBbTCj5dJdy,4MJZBb8KABfKw0gzfgacpO,Raga
925,7jbG8tDQ5FmqBbTCj5dJdy,4Clvkor0pUXm35Gdz0fbJt,Rahul Kadyan
926,7jbG8tDQ5FmqBbTCj5dJdy,0sS5ed7XGTBxG0PhOK8SYa,Monty Badanpur
927,7jbG8tDQ5FmqBbTCj5dJdy,5Gv7YQyjnnTxplUzBuKSUY,Candy Sheoran
928,7jbG8tDQ5FmqBbTCj5dJdy,7pxBiDULrPympl9ppIewtZ,RP Singh
929,7jbG8tDQ5FmqBbTCj5dJdy,65pmgBULHr82D3llNlHtB8,Bali
930,7jbG8tDQ5FmqBbTCj5dJdy,07iEy1AecUPVzfC2J2gCHR,Ikka
931,7jbG8tDQ5FmqBbTCj5dJdy,7xjydod85Q3f0Qab44c8oI,RAGA RINCHIN
932,7jbG8tDQ5FmqBbTCj5dJdy,5vGjn7KpA1qJNuy2Ez9yRM,Miki Malang
933,7jbG8tDQ5FmqBbTCj5dJdy,61P6g4b3TgZ9m2caJlXS4K,Ndee Kundu
934,7jbG8tDQ5FmqBbTCj5dJdy,2RS1R0tueoL8EJXTSBAt2F,Karma
935,7jbG8tDQ5FmqBbTCj5dJdy,75BrljVmqRx34PtL0O8qxa,Kabira
936,7jbG8tDQ5FmqBbTCj5dJdy,5WZViOJ21095FUcGPMpKFF,MC SQUARE
937,54BjV0qctcWp8xOip7uaJD,0Yo4hE8v9rxzOz4xPZToyA,Isht
938,54BjV0qctcWp8xOip7uaJD,338sdDVYVBgzVqrjwp8JC0,Garry
939,54BjV0qctcWp8xOip7uaJD,5ibzPrRPkXhl9VHzm6C11m,Pavvan
940,54BjV0qctcWp8xOip7uaJD,0IMB9ZqS18okmvGMGYzl45,Arsh Heer
941,54BjV0qctcWp8xOip7uaJD,6mYF9deJen9o74z0HJXjVm,Harjot Sidhu
942,54BjV0qctcWp8xOip7uaJD,1ZGICPQ7A8H3vsWxHV9GO7,Homeboy
943,54BjV0qctcWp8xOip7uaJD,6AnFaupnhQD1Ps8DX7Z7mV,Kunwarr
944,54BjV0qctcWp8xOip7uaJD,4or2V6GqzOQ1jelR0echhv,Jitt
945,54BjV0qctcWp8xOip7uaJD,0OS0NZnK7TGIAWx8MkWNFN,Intense
946,54BjV0qctcWp8xOip7uaJD,4OE85dwKyG26dprccJEV27,Shally Rehal
947,54BjV0qctcWp8xOip7uaJD,3yXzSYXBOTZ0m1QAfjlzKK,Farmaan SMG
948,54BjV0qctcWp8xOip7uaJD,1YQWIIZgIWVP83VtNCAQRJ,Karan Bhargava
949,54BjV0qctcWp8xOip7uaJD,0uOUeC51AxGnP6hB8gurwt,Cheema Y
950,54BjV0qctcWp8xOip7uaJD,2vozhmDOGI7uIqNM1v7GHE,Divrose
951,54BjV0qctcWp8xOip7uaJD,3R1penrqtuKNTeWABjKT5N,Bir
952,54BjV0qctcWp8xOip7uaJD,1VmoJx8138LFsA5XiRjQ01,Indrr Bajwa
953,54BjV0qctcWp8xOip7uaJD,4s5P33ladNMi7gcBMHwp9a,HRJXT
954,54BjV0qctcWp8xOip7uaJD,74RGMjbSsFv5RLj8wVx9Yv,Sharn
955,54BjV0qctcWp8xOip7uaJD,0z4Mzficie9vUzDmz4Hy9G,BIG KAY SMG
956,54BjV0qctcWp8xOip7uaJD,7CoPUqZrA6s6x8Iqa4eY6H,Mukul Verma
957,4wwYGgSpeBtvk5WX6HBqzw,3OzUySgSF8QxZScB0RxDCB,Namita Choudhary
958,4wwYGgSpeBtvk5WX6HBqzw,43jHbOAD9UtOEO1la8CVHs,Vismay Patel
959,4wwYGgSpeBtvk5WX6HBqzw,0cPN6x5LmDIZjp6gFmAkqw,Twin Strings
960,4wwYGgSpeBtvk5WX6HBqzw,41Sw7HsskHGbJOJXhLUTEK,Osho Jain
961,4wwYGgSpeBtvk5WX6HBqzw,4o0mCeiUIVdknPUMhpO0bd,Dream Note
962,4wwYGgSpeBtvk5WX6HBqzw,6o0MDEgo8moHPwQ1QXIs4c,Anurag Vashisht
963,4wwYGgSpeBtvk5WX6HBqzw,20YfM15fU24Wtzq7D25LTb,Nitin Shukla
964,4wwYGgSpeBtvk5WX6HBqzw,4FJhE5ToBQGzOGf0D5Xd1C,Abhijeet Srivastava
965,4wwYGgSpeBtvk5WX6HBqzw,3xZ9z6k4Suc2O8cAiwMt7h,Suzonn
966,4wwYGgSpeBtvk5WX6HBqzw,15iD55LPew2DyTQDqoV0F1,Ashu Shukla
967,4wwYGgSpeBtvk5WX6HBqzw,4lMtdJMEHNQok5YLbgUBEz,Anirudh Sharma
968,4wwYGgSpeBtvk5WX6HBqzw,29ggvWc5EMcSk5RLQ5aXHr,Pratsofficial
969,4wwYGgSpeBtvk5WX6HBqzw,0uYkdsYTX52nJ3iiER4rg9,Ishpreet Singh
970,4wwYGgSpeBtvk5WX6HBqzw,1VFIeAFbzMVHmvGQtfE6OI,Deepak Rathore Project
971,4wwYGgSpeBtvk5WX6HBqzw,5IZ2067fXzsERRzob0Ybv3,Victor Wyatt
972,4wwYGgSpeBtvk5WX6HBqzw,2U5K35Kwj0LqkfG3ENnnSL,Akanksha Bhandari
973,4wwYGgSpeBtvk5WX6HBqzw,1GE8jiWTAhX18vP7Wqxig9,Hamza Malik
974,4wwYGgSpeBtvk5WX6HBqzw,2tQF5y205UlqIPUB4kSsDg,Ramil Ganjoo
975,4wwYGgSpeBtvk5WX6HBqzw,64Bnlany1OG6esdJyOxyey,Tanzeel Khan
976,4Lk9Mory8nRTolPO1TMMcN,56Rei6YiP40kS5yRu6Ozzc,Bunny Gill
977,4Lk9Mory8nRTolPO1TMMcN,0OS0NZnK7TGIAWx8MkWNFN,Intense
978,4Lk9Mory8nRTolPO1TMMcN,1sSYaQBOI71QZDZ9OWW3hp,Chani Nattan
979,4Lk9Mory8nRTolPO1TMMcN,5oxWCIcZwwmlyzPVW3OkpN,Gora Gill
980,4Lk9Mory8nRTolPO1TMMcN,0z8tlga6Hzrvk66g6n3yjm,YXNG SXNGH
981,4Lk9Mory8nRTolPO1TMMcN,6mYF9deJen9o74z0HJXjVm,Harjot Sidhu
982,4Lk9Mory8nRTolPO1TMMcN,17EWls86lzR9Xh1KsMJE1J,G.S.Nawepindiya
983,4Lk9Mory8nRTolPO1TMMcN,6MmvoeQxFPr8VWERxYdE5f,Straight Bank
984,4Lk9Mory8nRTolPO1TMMcN,4or2V6GqzOQ1jelR0echhv,Jitt
985,4Lk9Mory8nRTolPO1TMMcN,4btWEiFCBW3yM80dXqq3p8,SOHAL
986,4Lk9Mory8nRTolPO1TMMcN,5NKQMEArcrzIPct2RXdS7A,Tarna
987,4Lk9Mory8nRTolPO1TMMcN,3O96LSvlQrNeKpZ8FuZkEk,BK
988,4Lk9Mory8nRTolPO1TMMcN,5hMRZnYzYhkXvdcEdJMfD2,Arsh Sandhu
989,4Lk9Mory8nRTolPO1TMMcN,1t44XSPiW7z8PebleCo7uP,Fateh
990,4Lk9Mory8nRTolPO1TMMcN,0Yo4hE8v9rxzOz4xPZToyA,Isht
991,4Lk9Mory8nRTolPO1TMMcN,3BRh53qZfNoiEGO1bYrOtr,Raman Bains
992,4Lk9Mory8nRTolPO1TMMcN,1cqZQSRjE8Bl0PABOkVU9c,G. Sidhu
993,4Lk9Mory8nRTolPO1TMMcN,7CDkAERLEgW9vI1g6RV764,Joban Dhillon
994,4Lk9Mory8nRTolPO1TMMcN,5uhcvmuj3X2tr8ooCLrUAx,Signature By SB
995,4Lk9Mory8nRTolPO1TMMcN,2ScEhgArBEdKyU4vNHSyiY,Sunny Malton
996,3JGrxsZ6kfzJrfwsxwERhS,1urtr0Wr3oFJVeTMF2aqPm,M.L.R. Karthikeyan
997,3JGrxsZ6kfzJrfwsxwERhS,4xUI2yJe8cZHYGhS8rk1oR,Prudhvi Chandra
998,3JGrxsZ6kfzJrfwsxwERhS,78NSjm4ZvzQ584s1dTx4L9,Narendra
999,3JGrxsZ6kfzJrfwsxwERhS,0tluFVpifIuT5slS3M1yTi,Simha
1000,3JGrxsZ6kfzJrfwsxwERhS,65jsdEMz2d1jbIECHqAhFr,Jaspreet Jasz
1001,3JGrxsZ6kfzJrfwsxwERhS,0aYwavuzUCY9ZIqxKtoAah,"Sagar, Ranina Reddy"
1002,3JGrxsZ6kfzJrfwsxwERhS,1C7kjT2jleM2qNGK97amtW,David Simon
1003,3JGrxsZ6kfzJrfwsxwERhS,5qhGpFQDS0CHw4cKeCzaai,Geetha Madhuri
1004,3JGrxsZ6kfzJrfwsxwERhS,5a2WF7juQ5oilpZCqikRtP,Rahul Nambiar
1005,3JGrxsZ6kfzJrfwsxwERhS,6KEzQKhplYeJGObOnvKAim,"Jaspreet Jasz, Suchitra"
1006,3JGrxsZ6kfzJrfwsxwERhS,6CWBs7ul78QwnBrcOCwhf5,Sagar
1007,3JGrxsZ6kfzJrfwsxwERhS,4FhdpPiJclh0GTXaPmnHpz,"Simha, Priya Hemesh"
1008,3JGrxsZ6kfzJrfwsxwERhS,1H4ZvA2yyK7wCmbvEUWvPn,Rahul Sipligunj
1009,3JGrxsZ6kfzJrfwsxwERhS,5DSQVAQqUVNO6kfJhTvMkX,"Shreya Ghoshal, Naveen Madhav"
1010,3JGrxsZ6kfzJrfwsxwERhS,06V3WlbxMpgl639AJoFH7C,Sri Krishna
1011,3JGrxsZ6kfzJrfwsxwERhS,3kFlEpcQofhveqm9YuO74s,"Jaspreet Jasz, Divija Karthik"
1012,3JGrxsZ6kfzJrfwsxwERhS,3MVZmcDNyoI81ZmAu0YiF7,Keerthana Sharma
1013,3JGrxsZ6kfzJrfwsxwERhS,3EnVDPCaQEEPl55DK5dc3A,"Kota Srinivas Rao, Chorus"
1014,3JGrxsZ6kfzJrfwsxwERhS,29umRgJCe6MeepDOqSaiRb,Deepu
1015,3JGrxsZ6kfzJrfwsxwERhS,3V3FPNRMg9b6HiEmpbNblT,Narendra|David Simon
1016,0fhunuOz2OuOEr3YK5ctSm,1eBHjBxiNA3gyEWEN7oRxM,Vijay
1017,0fhunuOz2OuOEr3YK5ctSm,5Hn84AFwiTEi8eMoI5B9AS,Silambarasan TR
1018,0fhunuOz2OuOEr3YK5ctSm,5iFKS1bnBNFWBAmd7mi0vf,Deepak Blue
1019,0fhunuOz2OuOEr3YK5ctSm,1QHr8p3h0ayWLaaYK0X6bi,Dhibu Ninan Thomas
1020,0fhunuOz2OuOEr3YK5ctSm,1IeJ7wOH2CgIca4B1CBikF,Dharan Kumar
1021,0fhunuOz2OuOEr3YK5ctSm,1NGsPOoJDnmbvFMa4o6KDI,"Anirudh Ravichander,Shabareesh Varma"
1022,0fhunuOz2OuOEr3YK5ctSm,4sdcjfLzvLC1IUYFwCAWHn,Sathyaprakash
1023,0fhunuOz2OuOEr3YK5ctSm,3jw2v5ZbSWBinNaECXq8cJ,Ghibran
1024,0fhunuOz2OuOEr3YK5ctSm,2LnJ6V8dBn6i6sg1PK9gHP,IFT PROD
1025,0fhunuOz2OuOEr3YK5ctSm,1JIPdCqj5nSYLwHHD4vS5v,Rajalakshmi Senthiganesh
1026,0fhunuOz2OuOEr3YK5ctSm,4hBCDHUWTljP6BDl5AekgW,Vivek - Mervin
1027,0fhunuOz2OuOEr3YK5ctSm,45W4EDnXayqLZPpJQJAKN3,Santhosh Dhayanidhi
1028,0fhunuOz2OuOEr3YK5ctSm,5VAyiDhBinVfc6RM5RKnLa,Sam C.S.
1029,0fhunuOz2OuOEr3YK5ctSm,0PykiHCcDsMPRV7s67qZ1B,Tippu
1030,0fhunuOz2OuOEr3YK5ctSm,0PgIa8Y465LwPwkgG5Mvgx,"Sukwinder Singh, Manikka Vinayagam"
1031,0fhunuOz2OuOEr3YK5ctSm,453fbVJrg2rW1JpyxHZ64M,"Hiphop Tamizha,Anthony Dassan"
1032,0fhunuOz2OuOEr3YK5ctSm,3AMxH9QIPZbK8ND8C9j4Ss,Mani Sharma
1033,0fhunuOz2OuOEr3YK5ctSm,2KGwmllYQr2BgxTkdOH5wt,Bala
1034,0fhunuOz2OuOEr3YK5ctSm,5asJ8jtjk36r5PW5upyJm6,Kamal Haasan
1035,0fhunuOz2OuOEr3YK5ctSm,1KvcaqJ6dyfKyepJyHexcZ,Aadityan
1036,1E6arsXf5Fgsnv9YpSzjpE,1SyKki7JI1AZNKwgNMkn25,Sachet-Parampara
1037,1E6arsXf5Fgsnv9YpSzjpE,0NL5y5XDX80Yljh9ix8ojz,Dj Raahul Pai
1038,1E6arsXf5Fgsnv9YpSzjpE,6UXtWzEh7DSBepGmaq7tXk,DJ Notorious
1039,1E6arsXf5Fgsnv9YpSzjpE,1aKCTrwSa1gZGO7U1FWMiN,BAJANIA GHAR
1040,1E6arsXf5Fgsnv9YpSzjpE,5X6ShVeOR0RNA0QLpFksuj,Saaj Bhatt
1041,1E6arsXf5Fgsnv9YpSzjpE,6FtZhorjCMfkaVJ7kKdmq7,Payal Dev
1042,1E6arsXf5Fgsnv9YpSzjpE,69vXsJLW99gZRgxntkmPop,Shruti Rane
1043,1E6arsXf5Fgsnv9YpSzjpE,35DaFPNjk0o133rxjRJ0W7,Satyajeet Jena
1044,1E6arsXf5Fgsnv9YpSzjpE,3DYqdRwHGB8fjVO0JqAgN7,Siddharth Slathia
1045,1E6arsXf5Fgsnv9YpSzjpE,6WOdPJmexxFINcKMkP2jMG,Sachet Tandon
1046,1E6arsXf5Fgsnv9YpSzjpE,368MaTMR1St3mYhVUyjsCB,Anveshi Jain
1047,1E6arsXf5Fgsnv9YpSzjpE,1OPqAyxsQc8mcRmoNBAnVk,Dhvani Bhanushali
1048,1E6arsXf5Fgsnv9YpSzjpE,2mXvwH4FYAXg86CQ2FBBpA,Arjun Hathila
1049,1E6arsXf5Fgsnv9YpSzjpE,5qERXbPWPdUePjrAW00vuU,Raj Barman
1050,1E6arsXf5Fgsnv9YpSzjpE,1UAzmnFgjizIDvtHvnCdEq,Stebin Ben
1051,1E6arsXf5Fgsnv9YpSzjpE,0T1CMVkqffHlqEk4BcAph1,Tulsi Kumar
1052,1E6arsXf5Fgsnv9YpSzjpE,2zvJLk0gTH7r7A5Q6X5Bq8,Javed-Mohsin
1053,1E6arsXf5Fgsnv9YpSzjpE,3cy473zaKsJ7eo6l3t8SKd,Pawandeep Rajan
1054,1E6arsXf5Fgsnv9YpSzjpE,72TmU5T8kwjTXavrQPv6HP,Stuti Jaiswal
1055,1E6arsXf5Fgsnv9YpSzjpE,5Zmq3MdBK6bOKYfVGjTci6,Faisal Ansari
1056,4YRxDV8wJFPHPTeXepOstw,0E02VcvA5p1ndkLdqWD5JB,Ankit Tiwari
1057,4YRxDV8wJFPHPTeXepOstw,4fEkbug6kZzzJ8eYX6Kbbp,KK
1058,4YRxDV8wJFPHPTeXepOstw,7HCqGPJcQTyGJ2yqntbuyr,Amit Trivedi
1059,4YRxDV8wJFPHPTeXepOstw,3eDT9fwXKuHWFvgZaaYC5v,Sunidhi Chauhan
1060,4YRxDV8wJFPHPTeXepOstw,71oGOxg5ez52Hh1Ye41A98,Mustafa Zahid
1061,4YRxDV8wJFPHPTeXepOstw,5GnnSrwNCGyfAU4zuIytiS,Mohit Chauhan
1062,4YRxDV8wJFPHPTeXepOstw,3OLGltG8UPIea8sA4w0yg0,Rahat Fateh Ali Khan
1063,4YRxDV8wJFPHPTeXepOstw,4oVMLzAqW6qhRpZWt8fNw4,Kailash Kher
1064,4YRxDV8wJFPHPTeXepOstw,6CXEwIaXYfVJ84biCxqc9k,Vishal Dadlani
1065,4YRxDV8wJFPHPTeXepOstw,3cqeO3muWIW5uSmUDNCmyT,Rekha Bhardwaj
1066,4YRxDV8wJFPHPTeXepOstw,2oSONSC9zQ4UonDKnLqksx,Atif Aslam
1067,4YRxDV8wJFPHPTeXepOstw,09UmIX92EUH9hAK4bxvHx6,Mithoon
1068,4YRxDV8wJFPHPTeXepOstw,4W91bbPB2CTSsHwt7eqNl7,Javed Ali
1069,4YRxDV8wJFPHPTeXepOstw,61if35zz1W11GejEkxTLEQ,Benny Dayal
1070,4YRxDV8wJFPHPTeXepOstw,5T2I75UlGBcWd5nVyfmL13,Mika Singh
1071,4YRxDV8wJFPHPTeXepOstw,3yMmYEklQ7gLOZXEFNd3xr,Palak Muchhal
1072,4YRxDV8wJFPHPTeXepOstw,0oOet2f43PA68X5RxKobEy,Shreya Ghoshal
1073,4YRxDV8wJFPHPTeXepOstw,7uIbLdzzSEqnX0Pkrb56cR,Yo Yo Honey Singh
1074,4YRxDV8wJFPHPTeXepOstw,6ohaQzKaXrobAL8paLSaxq,Salim–Sulaiman
1075,4YRxDV8wJFPHPTeXepOstw,7HHLBC9hUb55SDUcBlM8FQ,Nikhil Paul George
1076,3OQRPFFS3OsltFjFAXu1kE,7KEQQy9VJpx2xaojUu2VTp,The Landers
1077,3OQRPFFS3OsltFjFAXu1kE,7GgAwYJnBBFT1WogNWf0oj,Amrit Maan
1078,3OQRPFFS3OsltFjFAXu1kE,3uHUKCspaCzAab9A3LlGAr,Mankirt Aulakh
1079,3OQRPFFS3OsltFjFAXu1kE,0yniDkE5y7ci4X9OtLBXaQ,Sukh-E Muzical Doctorz
1080,3OQRPFFS3OsltFjFAXu1kE,3xZnxcyeC0vVaJvEA9VqrA,Jassie Gill
1081,3OQRPFFS3OsltFjFAXu1kE,5CGQa62CAweD76eHlDmp1m,Dilpreet Dhillon
1082,3OQRPFFS3OsltFjFAXu1kE,2ECA51juFyrh4DAuc8FucP,Gagan Kokri
1083,3OQRPFFS3OsltFjFAXu1kE,10cESI2qXWXWxfkeomFOON,Sajjan Adeeb
1084,3OQRPFFS3OsltFjFAXu1kE,3wsrcGXTRAukQgXrUHJMwC,Himmat Sandhu
1085,3OQRPFFS3OsltFjFAXu1kE,3TozxPbDes76aGFdfv7PMv,Jordan Sandhu
1086,3OQRPFFS3OsltFjFAXu1kE,1wVbdx5kuHQgBfjiq4bwh3,Armaan Bedil
1087,3OQRPFFS3OsltFjFAXu1kE,67XQGZSc63AMXMINY8H7Fx,Tarsem Jassar
1088,3OQRPFFS3OsltFjFAXu1kE,5UJrlyFPFTGTlfepPJvzjv,Gurj Sidhu
1089,3OQRPFFS3OsltFjFAXu1kE,28kGdf2ant8i73Fab2F7xq,Amantej Hundal
1090,3OQRPFFS3OsltFjFAXu1kE,4ZPiabRclxJHc90C0eY8xh,A Kay
1091,3OQRPFFS3OsltFjFAXu1kE,1AQswtUT2D149M5GgdyYMv,Elly Mangat
1092,3OQRPFFS3OsltFjFAXu1kE,1fTMfqHcXtTa0G42Wu7qH5,Nawab
1093,3OQRPFFS3OsltFjFAXu1kE,6TRcwPQiddMiQ6H22iwnoG,Rajvir Jawanda
1094,3OQRPFFS3OsltFjFAXu1kE,6DARBhWbfcS9E4yJzcliqQ,Karan Aujla
1095,3OQRPFFS3OsltFjFAXu1kE,6pU5oz09VUYtnFTd4P1Mxn,Ranjit Bawa
1096,6LEG9Ld1aLImEFEVHdWNSB,78sIlhMniFgXlOrNWnPtIl,Tegi Pannu
1097,6LEG9Ld1aLImEFEVHdWNSB,5r3wPya2PpeTTsXsGhQU8O,Shubh
1098,6LEG9Ld1aLImEFEVHdWNSB,4vvW590Gq8dNWsP5BM9FkS,Gminxr
1099,6LEG9Ld1aLImEFEVHdWNSB,2FKWNmZWDBZR4dE5KX4plR,Diljit Dosanjh
1100,6LEG9Ld1aLImEFEVHdWNSB,4aopF0aU0Nbu5GtSorXV0W,The PropheC
1101,6LEG9Ld1aLImEFEVHdWNSB,4eB5clMaoi0cCRnCwLkkiS,Harnoor
1102,6LEG9Ld1aLImEFEVHdWNSB,6Wg3YW7eun3woBKYL8jJT6,Grewal
1103,6LEG9Ld1aLImEFEVHdWNSB,7KEQQy9VJpx2xaojUu2VTp,The Landers
1104,6LEG9Ld1aLImEFEVHdWNSB,5d2GoeFBcyrsxU6T9eKNzd,Babbulicious
1105,6LEG9Ld1aLImEFEVHdWNSB,6IP4VnqS1pOiQcPVP4zx0H,Prem Dhillon
1106,6LEG9Ld1aLImEFEVHdWNSB,7hHDO4bJGlEaEHlY2lj1eZ,Bilal Saeed
1107,6LEG9Ld1aLImEFEVHdWNSB,2vJvM1hPBYqDoGBje0kRMd,Jassa Dhillon
1108,6LEG9Ld1aLImEFEVHdWNSB,0B6Y4zlto5DbCaU6eNLvXi,Bhalwaan
1109,6LEG9Ld1aLImEFEVHdWNSB,6DARBhWbfcS9E4yJzcliqQ,Karan Aujla
1110,6LEG9Ld1aLImEFEVHdWNSB,6PdJJhJWHFRtoERTQ8JGq1,Navaan Sandhu
1111,6LEG9Ld1aLImEFEVHdWNSB,7M3xY5iHSzEtoL3FpqOD75,Garry Sandhu
1112,6LEG9Ld1aLImEFEVHdWNSB,1mUl05hT77FrwVFW51wOlr,JERRY
1113,6LEG9Ld1aLImEFEVHdWNSB,6QoCrBHsojKnOrsGNfRcTN,Talwiinder
1114,6LEG9Ld1aLImEFEVHdWNSB,4C19flKmMm12gRxmBJWMCV,Varinder Brar
1115,6LEG9Ld1aLImEFEVHdWNSB,3OQRPFFS3OsltFjFAXu1kE,Parmish Verma
1116,2fMqTqiTxUDlmcOEPaQSsx,4xd7mLI7urqrxELaXhAvzw,Shekhar Ravjiani
1117,2fMqTqiTxUDlmcOEPaQSsx,2j9QVMZlqIj4Cb9UISBrXK,Clinton Cerejo
1118,2fMqTqiTxUDlmcOEPaQSsx,0NErdIJtuKBjtxKmlqaWdj,Divya Kumar
1119,2fMqTqiTxUDlmcOEPaQSsx,1JdHoZwkwOmX2Pl2iTwnzc,Vishal Bhardwaj
1120,2fMqTqiTxUDlmcOEPaQSsx,3cqeO3muWIW5uSmUDNCmyT,Rekha Bhardwaj
1121,2fMqTqiTxUDlmcOEPaQSsx,3OpF9QbQmkrimZpxJWGqdB,Siddharth Basru
1122,2fMqTqiTxUDlmcOEPaQSsx,19LIHDDSHBD5NyYHI3gpzB,Shilpa Rao
1123,2fMqTqiTxUDlmcOEPaQSsx,3xU8YsNNkmWSPewlB18NUz,Harshdeep Kaur
1124,2fMqTqiTxUDlmcOEPaQSsx,6ohaQzKaXrobAL8paLSaxq,Salim–Sulaiman
1125,2fMqTqiTxUDlmcOEPaQSsx,3PpjqSKBer3obW6lDflOBx,Ram Sampath
1126,2fMqTqiTxUDlmcOEPaQSsx,281Vp9LDrWkHMHQzfQHWCt,Rashid Ali
1127,2fMqTqiTxUDlmcOEPaQSsx,0iqFHwswV50GDerCAjulem,Mohan Kannan
1128,2fMqTqiTxUDlmcOEPaQSsx,39fT56OHEL2E98zDKrqBsC,Nikhil D'Souza
1129,2fMqTqiTxUDlmcOEPaQSsx,2FPwX3Gh0w4Qr1v3zSTtcT,Papon
1130,2fMqTqiTxUDlmcOEPaQSsx,4K4N32uNO1VRSY4hB7v8kg,Anushka Manchanda
1131,2fMqTqiTxUDlmcOEPaQSsx,7dlRYB2xNL7gYsiXfSQI1f,Ritu Pathak
1132,2fMqTqiTxUDlmcOEPaQSsx,3nQ125TJobosBH446Dsvvv,Kavita Seth
1133,2fMqTqiTxUDlmcOEPaQSsx,0XL6ie7a0NY5FM05b9Rn5L,Farhan Akhtar
1134,2fMqTqiTxUDlmcOEPaQSsx,5bv6NvAYNuvd2Vq13nHdG3,Sona Mohapatra
1135,2fMqTqiTxUDlmcOEPaQSsx,3tHD07u1ON4uHxmnT9rwqZ,Neeraj Shridhar
1136,55kkrbuMkdzPGD7YGA6xrJ,37KRE7ZFMJoWuYIvtnOe1k,Kulwinder Kally
1137,55kkrbuMkdzPGD7YGA6xrJ,2hR54JkDqfKhw7O1qiyOCL,Diljaan
1138,55kkrbuMkdzPGD7YGA6xrJ,1V6K7FdHEOfYwwIvmbaCLR,Avi Sanghera
1139,55kkrbuMkdzPGD7YGA6xrJ,5Gf8EL6dRLNm7EJNnLQ4vf,Vicky Dhaliwal
1140,55kkrbuMkdzPGD7YGA6xrJ,2GSObYXgydIyH38LhvTJ5F,Arjun Majitha
1141,55kkrbuMkdzPGD7YGA6xrJ,6G8iraBvee0V3HKFkXTPVf,Sunny Saggoo
1142,55kkrbuMkdzPGD7YGA6xrJ,1CluO4PWr2z45POcQ92ZPs,Shivjot
1143,55kkrbuMkdzPGD7YGA6xrJ,6sE9pYOAxhQ6vfucZzc0JM,Deep Dhillon
1144,55kkrbuMkdzPGD7YGA6xrJ,2V4SB44Qt0STYWVqqUhz0m,Rami Randhawa
1145,55kkrbuMkdzPGD7YGA6xrJ,6Yn7JpYwiZUEUlKbrPLfh3,Rupinder Handa
1146,55kkrbuMkdzPGD7YGA6xrJ,647Ivke8w05hNzKHs68ZSY,Deepak Dhillon
1147,55kkrbuMkdzPGD7YGA6xrJ,0EP0ts9VGKfGdIzsBH8fQs,Veer Davinder
1148,55kkrbuMkdzPGD7YGA6xrJ,0J2Qb6DxQe3tDfO5Dna3o7,Resham Singh Anmol
1149,55kkrbuMkdzPGD7YGA6xrJ,6r2i43KR94c0Q0fm7OyJEJ,Jaswinder Brar
1150,55kkrbuMkdzPGD7YGA6xrJ,7xk9bcMbRjtMCraHg4kSAd,Harjot
1151,55kkrbuMkdzPGD7YGA6xrJ,6kts6HRiH6lynXnCemu5ap,Kulshan Sandhu
1152,55kkrbuMkdzPGD7YGA6xrJ,5vDFlGw3JlHeDjTnuLecdW,Lovely Nirman
1153,55kkrbuMkdzPGD7YGA6xrJ,39qok0BZ6YbUgGWRH4UEEY,Amar Sehmbi
1154,55kkrbuMkdzPGD7YGA6xrJ,7HWG9vQSA4hT8yizi6cTOR,Dharampreet
1155,55kkrbuMkdzPGD7YGA6xrJ,6Dy7t6ELZYEMhw9WNZ9IIF,Kartar Ramla
1156,2FgHPfRprDaylrSRVf1UlN,65jsdEMz2d1jbIECHqAhFr,Jaspreet Jasz
1157,2FgHPfRprDaylrSRVf1UlN,6CWBs7ul78QwnBrcOCwhf5,Sagar
1158,2FgHPfRprDaylrSRVf1UlN,5sSzCxHtgL82pYDvx2QyEU,Devi Sri Prasad
1159,2FgHPfRprDaylrSRVf1UlN,27UbUuYAM8Hc1BZKlydOB0,Raghu Kunche
1160,2FgHPfRprDaylrSRVf1UlN,3AMxH9QIPZbK8ND8C9j4Ss,Mani Sharma
1161,2FgHPfRprDaylrSRVf1UlN,7zFlr6Y537SdALqy0Xfvth,Ranjith Govind
1162,2FgHPfRprDaylrSRVf1UlN,1BIAyVQxDuYrMqZ8H1Faja,S.P. Charan
1163,2FgHPfRprDaylrSRVf1UlN,06V3WlbxMpgl639AJoFH7C,Sri Krishna
1164,2FgHPfRprDaylrSRVf1UlN,7puWXcCM8Li3HnKrxc1bEH,Chakri
1165,2FgHPfRprDaylrSRVf1UlN,1H4ZvA2yyK7wCmbvEUWvPn,Rahul Sipligunj
1166,2FgHPfRprDaylrSRVf1UlN,40Ce6P4AGMq3NXCDXVSZaa,Mallikarjun
1167,2FgHPfRprDaylrSRVf1UlN,5a2WF7juQ5oilpZCqikRtP,Rahul Nambiar
1168,2FgHPfRprDaylrSRVf1UlN,0LSPREIgGMZXCuKVel7LVD,Karthik
1169,2FgHPfRprDaylrSRVf1UlN,1QvyquqkuuwUzdszyoKIy4,Haricharan
1170,2FgHPfRprDaylrSRVf1UlN,7FaGCZiP3s6X7jQTB8EhfI,Naresh Iyer
1171,2FgHPfRprDaylrSRVf1UlN,5qhGpFQDS0CHw4cKeCzaai,Geetha Madhuri
1172,2FgHPfRprDaylrSRVf1UlN,5ds7YHzRIeaGrAKGPR62fA,Shekar Chandra
1173,2FgHPfRprDaylrSRVf1UlN,00hL0oJD4pWef0kPYIaSTy,R. P. Patnaik
1174,2FgHPfRprDaylrSRVf1UlN,0PykiHCcDsMPRV7s67qZ1B,Tippu
1175,2FgHPfRprDaylrSRVf1UlN,5DxwUWyGp1uejyE80iJcn0,Dhanunjay Seepana
1176,1n9EM0Y4A89vuRiA93gSS9,5mWQT8CLTa4mAQAJdFjHb1,Abdul Hannan
1177,1n9EM0Y4A89vuRiA93gSS9,0CyRAEk8Qp6zicASWIKPLo,Wali Bakhat Warraich
1178,1n9EM0Y4A89vuRiA93gSS9,01pFDtbY3k5uOmy0Pbg93C,Rovalio
1179,1n9EM0Y4A89vuRiA93gSS9,5hjVqhHwLYWW9ZIxuILJF7,Hassan & Roshaan
1180,1n9EM0Y4A89vuRiA93gSS9,1ZChN8G1Y7CJ0TXbrvblwS,Asim Azhar
1181,1n9EM0Y4A89vuRiA93gSS9,1nCZUpBIcyOxufOx0lPeIW,Annural Khalid
1182,1n9EM0Y4A89vuRiA93gSS9,3atMq790wQ7IqjeSO0HFeP,Bayaan
1183,1n9EM0Y4A89vuRiA93gSS9,6gIqKYKRmltKfkTnxhMv8V,Hasan Raheem
1184,1n9EM0Y4A89vuRiA93gSS9,5bxVbtf4t5k1QPmy0XDvgv,Shamoon Ismail
1185,1n9EM0Y4A89vuRiA93gSS9,6v5vYOydZ5MrA2qr6e4Lkc,Azaan Sami Khan
1186,1n9EM0Y4A89vuRiA93gSS9,3ILK3wZ5nqQr7O79aF8G53,Yashal Shahid
1187,1n9EM0Y4A89vuRiA93gSS9,5r3gdJkUB4oAcnuIGXEB7q,Quratulain Balouch
1188,1n9EM0Y4A89vuRiA93gSS9,3NegWDGp038A3FIi3gSYzl,Ali Sethi
1189,1n9EM0Y4A89vuRiA93gSS9,1LAdnp9wIdKClX7Cool0GD,Faris Shafi
1190,1n9EM0Y4A89vuRiA93gSS9,4sqyi6AnMdNtF5H0UD1Nv5,Taha G
1191,1n9EM0Y4A89vuRiA93gSS9,01PyusFVbXgoD5Kl1mR8CC,Young Stunners
1192,1n9EM0Y4A89vuRiA93gSS9,6YSVUxXGsQQD2cWSJhN8re,Nehaal Naseem
1193,1n9EM0Y4A89vuRiA93gSS9,6znPk9JRNmg6uyB6h8nJu3,Kaavish
1194,1n9EM0Y4A89vuRiA93gSS9,69xcFpmqTOmFNOL08Bxyci,Talha Anjum
1195,1n9EM0Y4A89vuRiA93gSS9,6FR7jutAadVl9LMNooryDl,Omar Mukhtar
1196,7o2ZQYM7nTsaVdkXY38UAA,1JLf53adsPkYiAQPir2Fn3,Zoe Clark
1197,7o2ZQYM7nTsaVdkXY38UAA,6uFYqDeLIwfURuF1yxVqJU,J. Maya
1198,7o2ZQYM7nTsaVdkXY38UAA,7E2aQQjErJocovYFjYLzWU,Emei
1199,7o2ZQYM7nTsaVdkXY38UAA,1djGyQAjyVQh0HWCYMHCcB,Sophie Pecora
1200,7o2ZQYM7nTsaVdkXY38UAA,1E6ADXoD9nUhFEwKgwjEdh,PEGGY
1201,7o2ZQYM7nTsaVdkXY38UAA,2bFguwibp03RkAAuC9oYrP,Melina KB
1202,7o2ZQYM7nTsaVdkXY38UAA,31431J9PD3bfNsPKkezt0d,Leanna Firestone
1203,7o2ZQYM7nTsaVdkXY38UAA,5LGo1zHegJTWzqVXgeNplt,Ryan Mack
1204,7o2ZQYM7nTsaVdkXY38UAA,3L733apFuBmRr4GEVvhh9x,Alexa Cappelli
1205,7o2ZQYM7nTsaVdkXY38UAA,4B1bjBU8CLkIBTYTRklo2u,Chloe Adams
1206,7o2ZQYM7nTsaVdkXY38UAA,5C2iFRY2UldL2hv9THw4aB,Mad Tsai
1207,7o2ZQYM7nTsaVdkXY38UAA,1qMJAm3nqZq6AsqeaAk2m1,emlyn
1208,7o2ZQYM7nTsaVdkXY38UAA,2vlC4o7h61xlMUop6QCuvK,Rory Webley
1209,7o2ZQYM7nTsaVdkXY38UAA,76OGIUhWyFyKOvhRuueDa7,Brooke Alexx
1210,7o2ZQYM7nTsaVdkXY38UAA,6DdbeAeBlrYj8bNToZv4TY,JESSIA
1211,7o2ZQYM7nTsaVdkXY38UAA,1VFt2HpmFG8Ufq6SDCoZe4,Devon Cole
1212,7o2ZQYM7nTsaVdkXY38UAA,5sBBS3CQNPDzmuTJjYwnpa,Cloudy June
1213,7o2ZQYM7nTsaVdkXY38UAA,4S38gbKfKkEbty2YAIDIlV,EMELINE
1214,7o2ZQYM7nTsaVdkXY38UAA,39EIRTZx1JjfeDLVdbj2ap,Addison Grace
1215,7o2ZQYM7nTsaVdkXY38UAA,1Yy2yWVOAmDAxY7gWgYghv,Marisa Maino
1216,3hbwOFtgWSNfeRzF2o7Y65,4T9ZZbboogPwvKmRlCd2Un,Zenith
1217,3hbwOFtgWSNfeRzF2o7Y65,18lQZ09TgoILbt94KdrBpO,Sagar Verma
1218,3hbwOFtgWSNfeRzF2o7Y65,2gxw2IBkHbDFpzqLqx3AQy,Shubham Kabra
1219,3hbwOFtgWSNfeRzF2o7Y65,5kiwICyQNDmCtwOPLvgY04,Ashwin Adwani
1220,3hbwOFtgWSNfeRzF2o7Y65,5wwyvQQMsmzSUZo6FBoWJL,Vasu Raina
1221,3hbwOFtgWSNfeRzF2o7Y65,4SCDbi4KztQTP0HoOuCNjK,Arijit Anand
1222,3hbwOFtgWSNfeRzF2o7Y65,1ZsF8DeNQav5xvu4X5KsYB,Raman Negi
1223,3hbwOFtgWSNfeRzF2o7Y65,2tQF5y205UlqIPUB4kSsDg,Ramil Ganjoo
1224,3hbwOFtgWSNfeRzF2o7Y65,3HUf0l1HSBzHw0F5UhBOpA,Piyush Bhisekar
1225,3hbwOFtgWSNfeRzF2o7Y65,6RaFiPHsbMRHJ4u4UWf6II,Adarsh Rao
1226,3hbwOFtgWSNfeRzF2o7Y65,39fT56OHEL2E98zDKrqBsC,Nikhil D'Souza
1227,3hbwOFtgWSNfeRzF2o7Y65,7lTlD9L3QhfOH13Z0n1ibN,Raghav Meattle
1228,3hbwOFtgWSNfeRzF2o7Y65,0xhbB0DrR0MnaU1ynq4itU,Fiddlecraft
1229,3hbwOFtgWSNfeRzF2o7Y65,6o0MDEgo8moHPwQ1QXIs4c,Anurag Vashisht
1230,3hbwOFtgWSNfeRzF2o7Y65,3qpyErDI4i90q5EGgSRmNK,Raghav Chaitanya
1231,3hbwOFtgWSNfeRzF2o7Y65,1ZrrqxPJaiWZb03WM6PM1a,Anupam Mukherjee
1232,3hbwOFtgWSNfeRzF2o7Y65,1ciT67XXpG2HOVsLQjKdv6,Ankur Tewari
1233,3hbwOFtgWSNfeRzF2o7Y65,6BWd8VpOoODhMOPks4sI6R,NAALAYAK
1234,3hbwOFtgWSNfeRzF2o7Y65,1VFIeAFbzMVHmvGQtfE6OI,Deepak Rathore Project
1235,3hbwOFtgWSNfeRzF2o7Y65,15iD55LPew2DyTQDqoV0F1,Ashu Shukla
1236,1Xyo4u8uXC1ZmMpatF05PJ,2HPaUgqeutzr3jx5a9WyDV,PARTYNEXTDOOR
1237,1Xyo4u8uXC1ZmMpatF05PJ,7mDU6nMUJnOSY2Hkjz5oqM,Roy Woods
1238,1Xyo4u8uXC1ZmMpatF05PJ,3tlXnStJ1fFhdScmQeLpuG,Brent Faiyaz
1239,1Xyo4u8uXC1ZmMpatF05PJ,2EMAnMvWE2eb56ToJVfCWs,Bryson Tiller
1240,1Xyo4u8uXC1ZmMpatF05PJ,4HzKw8XcD0piJmDrrPRCYk,Majid Jordan
1241,1Xyo4u8uXC1ZmMpatF05PJ,4IVAbR2w4JJNJDDRFP3E83,6LACK
1242,1Xyo4u8uXC1ZmMpatF05PJ,3KV3p5EY4AvKxOlhGHORLg,Jeremih
1243,1Xyo4u8uXC1ZmMpatF05PJ,20wkVLutqVOYrc0kxFs7rA,Daniel Caesar
1244,1Xyo4u8uXC1ZmMpatF05PJ,360IAlyVv4PCEVjgyMZrxK,Miguel
1245,1Xyo4u8uXC1ZmMpatF05PJ,2jku7tDXc6XoB6MO2hFuqg,Tory Lanez
1246,1Xyo4u8uXC1ZmMpatF05PJ,6LuN9FCkKOj5PcnpouEgny,Khalid
1247,1Xyo4u8uXC1ZmMpatF05PJ,7tYKF4w9nC0nq9CsPZTHyP,SZA
1248,1Xyo4u8uXC1ZmMpatF05PJ,57LYzLEk2LcFghVwuWbcuS,Summer Walker
1249,1Xyo4u8uXC1ZmMpatF05PJ,5ZS223C6JyBfXasXxrRqOk,Jhené Aiko
1250,1Xyo4u8uXC1ZmMpatF05PJ,7cYEt1pqMgXJdq00hAwVpT,Chase Atlantic
1251,1Xyo4u8uXC1ZmMpatF05PJ,4GvEc3ANtPPjt1ZJllr5Zl,Bazzi
1252,1Xyo4u8uXC1ZmMpatF05PJ,3Y7RZ31TRPVadSFVy1o8os,H.E.R.
1253,1Xyo4u8uXC1ZmMpatF05PJ,4Gso3d4CscCijv0lmajZWs,Don Toliver
1254,1Xyo4u8uXC1ZmMpatF05PJ,2h93pZq0e7k5yf4dywlkpM,Frank Ocean
1255,1Xyo4u8uXC1ZmMpatF05PJ,7rkW85dBwwrJtlHRDkJDAC,NAV
1256,5r3wPya2PpeTTsXsGhQU8O,78sIlhMniFgXlOrNWnPtIl,Tegi Pannu
1257,5r3wPya2PpeTTsXsGhQU8O,4vvW590Gq8dNWsP5BM9FkS,Gminxr
1258,5r3wPya2PpeTTsXsGhQU8O,0B6Y4zlto5DbCaU6eNLvXi,Bhalwaan
1259,5r3wPya2PpeTTsXsGhQU8O,7KEQQy9VJpx2xaojUu2VTp,The Landers
1260,5r3wPya2PpeTTsXsGhQU8O,4C19flKmMm12gRxmBJWMCV,Varinder Brar
1261,5r3wPya2PpeTTsXsGhQU8O,1mUl05hT77FrwVFW51wOlr,JERRY
1262,5r3wPya2PpeTTsXsGhQU8O,4aopF0aU0Nbu5GtSorXV0W,The PropheC
1263,5r3wPya2PpeTTsXsGhQU8O,6IP4VnqS1pOiQcPVP4zx0H,Prem Dhillon
1264,5r3wPya2PpeTTsXsGhQU8O,6PdJJhJWHFRtoERTQ8JGq1,Navaan Sandhu
1265,5r3wPya2PpeTTsXsGhQU8O,3bCfmBmsKvp4UXialp6xNZ,Wazir Patar
1266,5r3wPya2PpeTTsXsGhQU8O,4eB5clMaoi0cCRnCwLkkiS,Harnoor
1267,5r3wPya2PpeTTsXsGhQU8O,48cVwD5hffidwvlxLCc2pm,Zehr Vibe
1268,5r3wPya2PpeTTsXsGhQU8O,6Wg3YW7eun3woBKYL8jJT6,Grewal
1269,5r3wPya2PpeTTsXsGhQU8O,2vJvM1hPBYqDoGBje0kRMd,Jassa Dhillon
1270,5r3wPya2PpeTTsXsGhQU8O,5d2GoeFBcyrsxU6T9eKNzd,Babbulicious
1271,5r3wPya2PpeTTsXsGhQU8O,6QoCrBHsojKnOrsGNfRcTN,Talwiinder
1272,5r3wPya2PpeTTsXsGhQU8O,3OQRPFFS3OsltFjFAXu1kE,Parmish Verma
1273,5r3wPya2PpeTTsXsGhQU8O,7jbG8tDQ5FmqBbTCj5dJdy,DG IMMORTALS
1274,5r3wPya2PpeTTsXsGhQU8O,6DARBhWbfcS9E4yJzcliqQ,Karan Aujla
1275,5r3wPya2PpeTTsXsGhQU8O,2FKWNmZWDBZR4dE5KX4plR,Diljit Dosanjh
1276,5NHm4TU5Twz7owibYxJfFU,3bAFvRjPZrpRz9Ox1sElQa,Arjun Kanungo
1277,5NHm4TU5Twz7owibYxJfFU,3fWcIRZlzhMl2YNACMvHui,Paradox
1278,5NHm4TU5Twz7owibYxJfFU,5gVozagAcRKYCeAVnlC3Nk,Vilen
1279,5NHm4TU5Twz7owibYxJfFU,45PG2L6Fh2XvYL4ONzpdoW,Dino James
1280,5NHm4TU5Twz7owibYxJfFU,07iEy1AecUPVzfC2J2gCHR,Ikka
1281,5NHm4TU5Twz7owibYxJfFU,7n5rLZ6NonT1BXW1fQmbuA,Fotty Seven
1282,5NHm4TU5Twz7owibYxJfFU,2RS1R0tueoL8EJXTSBAt2F,Karma
1283,5NHm4TU5Twz7owibYxJfFU,5C1S9XwxMuuCciutwMhp5t,KR$NA
1284,5NHm4TU5Twz7owibYxJfFU,0VI5poXvvDVFaIPdL7M4rY,AFKAP
1285,5NHm4TU5Twz7owibYxJfFU,5UdFr0GeO7jKIaNIJgwB36,Raftaar
1286,5NHm4TU5Twz7owibYxJfFU,3ozYqVCLohfpXIhalkhM8D,Aditya Rikhari
1287,5NHm4TU5Twz7owibYxJfFU,7iEUKVcv42PUcIS696yadB,Nazz
1288,5NHm4TU5Twz7owibYxJfFU,1HnV8VaGdip3y1SpJPgft0,Panther
1289,5NHm4TU5Twz7owibYxJfFU,5WZViOJ21095FUcGPMpKFF,MC SQUARE
1290,5NHm4TU5Twz7owibYxJfFU,65pmgBULHr82D3llNlHtB8,Bali
1291,5NHm4TU5Twz7owibYxJfFU,4Ai0pGz6GhQavjzaRhPTvz,DIVINE
1292,5NHm4TU5Twz7owibYxJfFU,5gzMmZ8RKovEfs38ca7hkG,Bella
1293,5NHm4TU5Twz7owibYxJfFU,5lMNphVhMLvhFmTWiKiLA2,Zaeden
1294,5NHm4TU5Twz7owibYxJfFU,2kfi47LWmlXzQ3p3kWonfQ,Madhur Sharma
1295,5NHm4TU5Twz7owibYxJfFU,7jbG8tDQ5FmqBbTCj5dJdy,DG IMMORTALS
1296,3tPQOjkxO3mrYrrgkTeXgH,5CiyBNUUPrMD1jVPStBPm7,Shrishti Bhandari
1297,3tPQOjkxO3mrYrrgkTeXgH,1AKT6xQBxHKLR5e7FWGLEs,Sivamani
1298,3tPQOjkxO3mrYrrgkTeXgH,7LkdtgIhOIz0JRoigs3O3K,Keshav Anand
1299,3tPQOjkxO3mrYrrgkTeXgH,2N4oq3cJD80vXmujAsgqdF,George Doering
1300,3tPQOjkxO3mrYrrgkTeXgH,2MwEyZ2IlU8PIyq5Px1aXC,Prateek Walia
1301,3tPQOjkxO3mrYrrgkTeXgH,69vXsJLW99gZRgxntkmPop,Shruti Rane
1302,3tPQOjkxO3mrYrrgkTeXgH,2cSKa9LmFsq0XfMXoOrtlG,Nikhil R
1303,3tPQOjkxO3mrYrrgkTeXgH,2U7cu88vDAlCySm4B1OH22,Chetanya
1304,3tPQOjkxO3mrYrrgkTeXgH,4FJhE5ToBQGzOGf0D5Xd1C,Abhijeet Srivastava
1305,3tPQOjkxO3mrYrrgkTeXgH,5X6ShVeOR0RNA0QLpFksuj,Saaj Bhatt
1306,3tPQOjkxO3mrYrrgkTeXgH,0vCC9OX38cQG951xEJvQbl,Karan B oberoi
1307,3tPQOjkxO3mrYrrgkTeXgH,6Qm9uA0dyMqrGFzSAkqe8R,Anushka Patra
1308,3tPQOjkxO3mrYrrgkTeXgH,5qERXbPWPdUePjrAW00vuU,Raj Barman
1309,3tPQOjkxO3mrYrrgkTeXgH,3FgHkfb3IqG4WKuVe1xCXM,Sukriti Kakar
1310,3tPQOjkxO3mrYrrgkTeXgH,5AtLxWmrsiYNl4ezdcDyCo,"A. R. Rahman, Vishal Mishra, Swagat Rathod, & Mehboob"
1311,3tPQOjkxO3mrYrrgkTeXgH,0NL5y5XDX80Yljh9ix8ojz,Dj Raahul Pai
1312,3tPQOjkxO3mrYrrgkTeXgH,1QH7G1DjLYaY5EvqO1PA6w,Prateek Gandhi
1313,3tPQOjkxO3mrYrrgkTeXgH,64KzOsbd6ajeLLswNgJ8RF,Nihal Tauro
1314,3tPQOjkxO3mrYrrgkTeXgH,465OXuCU8YZNmVG1leLwQ9,Shashwat Sachdev
1315,3tPQOjkxO3mrYrrgkTeXgH,6XypcJDBmfuRjq52PFUVwd,Rahul Vaidya
1316,5DHi2MeoRgAwPE0A0qwRMl,4CqzwlyoNSvoGeMk7NiMhd,AR Paisley
1317,5DHi2MeoRgAwPE0A0qwRMl,0YWNyLuQsYJfBtF7Ht6RJX,Vsinghs
1318,5DHi2MeoRgAwPE0A0qwRMl,3O96LSvlQrNeKpZ8FuZkEk,BK
1319,5DHi2MeoRgAwPE0A0qwRMl,0OS0NZnK7TGIAWx8MkWNFN,Intense
1320,5DHi2MeoRgAwPE0A0qwRMl,4vvW590Gq8dNWsP5BM9FkS,Gminxr
1321,5DHi2MeoRgAwPE0A0qwRMl,4s5P33ladNMi7gcBMHwp9a,HRJXT
1322,5DHi2MeoRgAwPE0A0qwRMl,5uhcvmuj3X2tr8ooCLrUAx,Signature By SB
1323,5DHi2MeoRgAwPE0A0qwRMl,3iDKP1bdLh3lqDftjVmEcm,Keetview$
1324,5DHi2MeoRgAwPE0A0qwRMl,58o8gC55d5XSsI2MlTZ3M5,NseeB
1325,5DHi2MeoRgAwPE0A0qwRMl,6MmvoeQxFPr8VWERxYdE5f,Straight Bank
1326,5DHi2MeoRgAwPE0A0qwRMl,0B6Y4zlto5DbCaU6eNLvXi,Bhalwaan
1327,5DHi2MeoRgAwPE0A0qwRMl,0z8tlga6Hzrvk66g6n3yjm,YXNG SXNGH
1328,5DHi2MeoRgAwPE0A0qwRMl,6LEG9Ld1aLImEFEVHdWNSB,AP Dhillon
1329,5DHi2MeoRgAwPE0A0qwRMl,5NKQMEArcrzIPct2RXdS7A,Tarna
1330,5DHi2MeoRgAwPE0A0qwRMl,1t44XSPiW7z8PebleCo7uP,Fateh
1331,5DHi2MeoRgAwPE0A0qwRMl,182srEbrmnlFxcwkqZ0NR6,Raf Saperra
1332,5DHi2MeoRgAwPE0A0qwRMl,1sSYaQBOI71QZDZ9OWW3hp,Chani Nattan
1333,5DHi2MeoRgAwPE0A0qwRMl,3IzepIGEFUSFFnuIVGwZDS,Manni Sandhu
1334,5DHi2MeoRgAwPE0A0qwRMl,3bCfmBmsKvp4UXialp6xNZ,Wazir Patar
1335,5DHi2MeoRgAwPE0A0qwRMl,3R1penrqtuKNTeWABjKT5N,Bir
1336,6hyCmqlpgEhkMKKr65sFgI,6JUEjbhKiAZFmMRrudNHgL,Faridkot
1337,6hyCmqlpgEhkMKKr65sFgI,3Bej6ikcqBylMRbkX1DKpu,Chamath Sangeeth
1338,6hyCmqlpgEhkMKKr65sFgI,4qOcN0iWp8vs7OBhxzHY8Q,Bathiya & Santhush
1339,6hyCmqlpgEhkMKKr65sFgI,5FvRanU1qnYzZQ5BpIfU9u,Kanchana Anuradhi
1340,6hyCmqlpgEhkMKKr65sFgI,6c4RrYCE1gOHAGZPJRmG2o,Dinesh Gamage
1341,6hyCmqlpgEhkMKKr65sFgI,7occ8YAUAF3XJbC3uCq1iL,Hana Shafa
1342,6hyCmqlpgEhkMKKr65sFgI,6RoQz9twE1wPVEcFvwv7iO,Iraj
1343,6hyCmqlpgEhkMKKr65sFgI,6FD5oL7fAbrg43q0bcbWhe,SANUKA
1344,6hyCmqlpgEhkMKKr65sFgI,2bnE4eD3MMcteNaIhd9TqN,Supun Perera
1345,6hyCmqlpgEhkMKKr65sFgI,3wRgCqDCo0rwgjvCEPoDMP,La Signore
1346,6hyCmqlpgEhkMKKr65sFgI,6SuMIiPGM6P4hLLNdT0nNt,Wasthi
1347,6hyCmqlpgEhkMKKr65sFgI,3uxggUmuI6OX5tcW12y7cn,Thilina Ruhunage
1348,6hyCmqlpgEhkMKKr65sFgI,2p59mmRUY5z4P2GGYd8a9a,Piyath Rajapakse
1349,6hyCmqlpgEhkMKKr65sFgI,1iH07mFEjrWomKuOTLzfWQ,Tehan Perera
1350,6hyCmqlpgEhkMKKr65sFgI,25JFNpUo9kGJwGwMPUDBRs,Dhanith Sri
1351,6hyCmqlpgEhkMKKr65sFgI,6RC38fA9dGFORf48RRLPbl,Chanuka Mora
1352,6hyCmqlpgEhkMKKr65sFgI,6OcxQ6JR8KBybmQOJNWvTU,NaadhaGama
1353,6hyCmqlpgEhkMKKr65sFgI,1Uqk24JsikzOJO5gHx9AJG,Sanka Dineth
1354,6hyCmqlpgEhkMKKr65sFgI,5fe7gA32gG460lsNR6lusn,Sawinda Wijayathilaka
1355,6hyCmqlpgEhkMKKr65sFgI,3Od0SSFki2d6U1jnmoUaBC,Mahiru Senarathne
1356,0bRPtPZQkWHeG7MGk9eWlh,0NErdIJtuKBjtxKmlqaWdj,Divya Kumar
1357,0bRPtPZQkWHeG7MGk9eWlh,2LgKrgRJcbJlt14i1LTzDU,Amit Mishra
1358,0bRPtPZQkWHeG7MGk9eWlh,3xU8YsNNkmWSPewlB18NUz,Harshdeep Kaur
1359,0bRPtPZQkWHeG7MGk9eWlh,04FsFHujpuqonrPXZrEJlK,Dev Negi
1360,0bRPtPZQkWHeG7MGk9eWlh,3ZxZ03fj3tXBZHZWzvaLSM,Neeti Mohan
1361,0bRPtPZQkWHeG7MGk9eWlh,6qcIg4IPLulyc03mWR87N8,Kanika Kapoor
1362,0bRPtPZQkWHeG7MGk9eWlh,1BYjhAClGpBTLZfics0VRZ,Aastha Gill
1363,0bRPtPZQkWHeG7MGk9eWlh,0iqFHwswV50GDerCAjulem,Mohan Kannan
1364,0bRPtPZQkWHeG7MGk9eWlh,5T2I75UlGBcWd5nVyfmL13,Mika Singh
1365,0bRPtPZQkWHeG7MGk9eWlh,3tHD07u1ON4uHxmnT9rwqZ,Neeraj Shridhar
1366,0bRPtPZQkWHeG7MGk9eWlh,7bcSOvqOKoyZqU41p5YuoJ,Sukhbir
1367,0bRPtPZQkWHeG7MGk9eWlh,3PpjqSKBer3obW6lDflOBx,Ram Sampath
1368,0bRPtPZQkWHeG7MGk9eWlh,3LjfV43PERVCik8bEw4JGf,Lumber
1369,0bRPtPZQkWHeG7MGk9eWlh,6f5kUMXGROFtdAtxXZwing,Wajid
1370,0bRPtPZQkWHeG7MGk9eWlh,1JdHoZwkwOmX2Pl2iTwnzc,Vishal Bhardwaj
1371,0bRPtPZQkWHeG7MGk9eWlh,3FgHkfb3IqG4WKuVe1xCXM,Sukriti Kakar
1372,0bRPtPZQkWHeG7MGk9eWlh,465OXuCU8YZNmVG1leLwQ9,Shashwat Sachdev
1373,0bRPtPZQkWHeG7MGk9eWlh,1cfG7UM0OD4O1II1nd15Qo,Ash King
1374,0bRPtPZQkWHeG7MGk9eWlh,69vXsJLW99gZRgxntkmPop,Shruti Rane
1375,0bRPtPZQkWHeG7MGk9eWlh,4E5oyNFcB3uXLkLdjYmP9Z,Neha Bhasin
1376,0OS0NZnK7TGIAWx8MkWNFN,2sD2h7WO21T9AJ1hqpJuw1,Intersperse
1377,0OS0NZnK7TGIAWx8MkWNFN,56cnbcrKCbpQL1Nvog33gY,Rantoul
1378,0OS0NZnK7TGIAWx8MkWNFN,0lnpDCX0biYNj8dBVQbj50,Big Bud
1379,0OS0NZnK7TGIAWx8MkWNFN,6rdOWJwxGOOXXufe8djZnf,Tayla
1380,0OS0NZnK7TGIAWx8MkWNFN,7tATGPt8b039WYXahgCbjt,Nu Moon
1381,0OS0NZnK7TGIAWx8MkWNFN,0S2cU6rF3um0IaAeKlsN7v,New Balance
1382,0OS0NZnK7TGIAWx8MkWNFN,4xMDzqEMcD0GrPoxBBWNGN,Future Engineers
1383,0OS0NZnK7TGIAWx8MkWNFN,7kmajmVOmbPrFWq3uMHJ3M,MC Conrad
1384,0OS0NZnK7TGIAWx8MkWNFN,4ASZ4ITBX57TIPghDYGjc2,Greenfly
1385,0OS0NZnK7TGIAWx8MkWNFN,7G6BAoOTzTZpIkWjtDyfMe,Universal
1386,0OS0NZnK7TGIAWx8MkWNFN,1dU3l4m2BOP4QJuUstwPMZ,Poets of Thought
1387,0OS0NZnK7TGIAWx8MkWNFN,71OIWa8DlWSupjZtTBM8ng,Cedar
1388,0OS0NZnK7TGIAWx8MkWNFN,3pvHMeyaolrfwccCCAtAws,Vice Versa
1389,0OS0NZnK7TGIAWx8MkWNFN,5Wfn5sc1w3DhMTpU7oPJZL,LTJ Bukem
1390,0OS0NZnK7TGIAWx8MkWNFN,5TrvxzeqnowI5pVw44nevD,Motiv One
1391,0OS0NZnK7TGIAWx8MkWNFN,7luOMyU1wEMI1n4sziYZTB,Subject 13
1392,0OS0NZnK7TGIAWx8MkWNFN,0eO837CIsai4wHOInquvGR,Funky Technicians
1393,0OS0NZnK7TGIAWx8MkWNFN,491cHKkjRVcGaChy40l4Bh,Nookie
1394,0OS0NZnK7TGIAWx8MkWNFN,324XsRQlyCIkMhDDZa1V7f,Axis
1395,0OS0NZnK7TGIAWx8MkWNFN,255Xzqzmsz8Diz2mcnzwHF,Chameleon
1396,3ioOEaiQ1Zw6RMCesOOWfZ,0vZEDTIhGPOIRL0KjqMWTy,Kidshot
1397,3ioOEaiQ1Zw6RMCesOOWfZ,6CXOME0iQ8CJ3u3sNQC4gJ,Badkidz
1398,3ioOEaiQ1Zw6RMCesOOWfZ,4MJZBb8KABfKw0gzfgacpO,Raga
1399,3ioOEaiQ1Zw6RMCesOOWfZ,23S2w22FCwFjDBBn7qdB2I,Deep Kalsi
1400,3ioOEaiQ1Zw6RMCesOOWfZ,4Jw8bandV6BAMsS85XggcH,Byg Smyle
1401,3ioOEaiQ1Zw6RMCesOOWfZ,5pqZ05b1zkz3er6iz4d4qr,Muhfaad
1402,3ioOEaiQ1Zw6RMCesOOWfZ,3oyIUDxlFBUqyP05ck3Nx6,Qaab
1403,3ioOEaiQ1Zw6RMCesOOWfZ,7htUdS6qzUt3hTmDxMrTFy,Farhan Khan
1404,3ioOEaiQ1Zw6RMCesOOWfZ,5UPhqOBfNq83B0vOaLocFM,GAUSH
1405,3ioOEaiQ1Zw6RMCesOOWfZ,4g8Z4if0DrwN5H83ZGpZ44,Dhruv Sthetick
1406,3ioOEaiQ1Zw6RMCesOOWfZ,3mOWS2HCVfTNCiPiRuDqdf,J Trix
1407,3ioOEaiQ1Zw6RMCesOOWfZ,3EYZ4HToTc3c0GdcMseYNF,Mufasa Rex
1408,3ioOEaiQ1Zw6RMCesOOWfZ,1CPC6yBRVnK1WxibuqwNNH,Rishi Roy
1409,3ioOEaiQ1Zw6RMCesOOWfZ,2q56UJ9ItoQqh5X41owmnY,Harjas
1410,3ioOEaiQ1Zw6RMCesOOWfZ,1oMKeiHXRkg7tNqwhaS3fu,MC Altaf
1411,3ioOEaiQ1Zw6RMCesOOWfZ,6gparvqhmQFPKdUUTRVKg7,Nitesh A.K.A Nick
1412,3ioOEaiQ1Zw6RMCesOOWfZ,7hI0IRD66iykVpXiieNRbe,Sez on the Beat
1413,3ioOEaiQ1Zw6RMCesOOWfZ,5Op1QmEE3Eye8gdNrla3ok,Rap Demon
1414,3ioOEaiQ1Zw6RMCesOOWfZ,3r11NkdzxoiZe5yMOMsfXy,Smoke
1415,3ioOEaiQ1Zw6RMCesOOWfZ,08mu3VEvLCIWDq4t0NNoTN,Sikander Kahlon
1416,2wY79sveU1sp5g7SokKOiI,0B3N0ZINFWvizfa8bKiz4v,James TW
1417,2wY79sveU1sp5g7SokKOiI,2wUjUUtkb5lvLKcGKsKqsR,Alessia Cara
1418,2wY79sveU1sp5g7SokKOiI,4IWBUUAFIplrNtaOHcJPRM,James Arthur
1419,2wY79sveU1sp5g7SokKOiI,4EzkuveR9pLvDVFNx6foYD,James Bay
1420,2wY79sveU1sp5g7SokKOiI,4GNC7GD6oZMSxPGyXy4MNB,Lewis Capaldi
1421,2wY79sveU1sp5g7SokKOiI,0X2BH1fck6amBIoJhDVmmJ,Ellie Goulding
1422,2wY79sveU1sp5g7SokKOiI,5CCwRZC6euC8Odo6y9X8jr,Rita Ora
1423,2wY79sveU1sp5g7SokKOiI,2gsggkzM5R49q6jpPvazou,Jessie J
1424,2wY79sveU1sp5g7SokKOiI,6ydoSd3N2mwgwBHtF6K7eX,Calum Scott
1425,2wY79sveU1sp5g7SokKOiI,0ZED1XzwlLHW4ZaG4lOT6m,Julia Michaels
1426,2wY79sveU1sp5g7SokKOiI,1zNqDE7qDGCsyzJwohVaoX,Anne-Marie
1427,2wY79sveU1sp5g7SokKOiI,4Rxn7Im3LGfyRkY2FlHhWi,Nick Jonas
1428,2wY79sveU1sp5g7SokKOiI,4ScCswdRlyA23odg9thgIO,Jess Glynne
1429,2wY79sveU1sp5g7SokKOiI,1Hsdzj7Dlq2I7tHP7501T4,Niall Horan
1430,2wY79sveU1sp5g7SokKOiI,66W9LaWS0DPdL7Sz8iYGYe,JP Saxe
1431,2wY79sveU1sp5g7SokKOiI,3GxKJzJK4LpsYGXQrw77wz,Mimi Webb
1432,2wY79sveU1sp5g7SokKOiI,4nDoRrQiYLoBzwC5BhVJzF,Camila Cabello
1433,2wY79sveU1sp5g7SokKOiI,5p7f24Rk5HkUZsaS3BLG5F,Hailee Steinfeld
1434,2wY79sveU1sp5g7SokKOiI,1Xylc3o4UrD53lo9CvFvVg,Zara Larsson
1435,2wY79sveU1sp5g7SokKOiI,7okSU80WTrn4LXlyXYbX3P,Clinton Kane
1436,1tqysapcCh1lWEAc9dIFpa,6FtZhorjCMfkaVJ7kKdmq7,Payal Dev
1437,1tqysapcCh1lWEAc9dIFpa,3dN9MQpjIyNxyeRfz4EDZe,Rochak Kohli
1438,1tqysapcCh1lWEAc9dIFpa,1UAzmnFgjizIDvtHvnCdEq,Stebin Ben
1439,1tqysapcCh1lWEAc9dIFpa,0T1CMVkqffHlqEk4BcAph1,Tulsi Kumar
1440,1tqysapcCh1lWEAc9dIFpa,6RF8hEdlUKoLPQOHmBbHiM,Yasser Desai
1441,1tqysapcCh1lWEAc9dIFpa,2zvJLk0gTH7r7A5Q6X5Bq8,Javed-Mohsin
1442,1tqysapcCh1lWEAc9dIFpa,76fuWYgIf3TVIopTs3vaJ6,Amaal Mallik
1443,1tqysapcCh1lWEAc9dIFpa,0qpsFfOT3SmdGmnyV6rOhS,Meet Bros.
1444,1tqysapcCh1lWEAc9dIFpa,0x2v0xyGahD23hn41i3BdH,Harish Sagane
1445,1tqysapcCh1lWEAc9dIFpa,3DYqdRwHGB8fjVO0JqAgN7,Siddharth Slathia
1446,1tqysapcCh1lWEAc9dIFpa,5qERXbPWPdUePjrAW00vuU,Raj Barman
1447,1tqysapcCh1lWEAc9dIFpa,6QtJ6BVdj43aDpgjnVp2tY,Mohammed Irfan
1448,1tqysapcCh1lWEAc9dIFpa,7r7WoKowe8dCfQCl9GACDM,Swasti Mehul
1449,1tqysapcCh1lWEAc9dIFpa,3yMmYEklQ7gLOZXEFNd3xr,Palak Muchhal
1450,1tqysapcCh1lWEAc9dIFpa,0E02VcvA5p1ndkLdqWD5JB,Ankit Tiwari
1451,1tqysapcCh1lWEAc9dIFpa,0FJz7XR37hH69traaHLijA,Shaarib Toshi
1452,1tqysapcCh1lWEAc9dIFpa,6WOdPJmexxFINcKMkP2jMG,Sachet Tandon
1453,1tqysapcCh1lWEAc9dIFpa,5X6ShVeOR0RNA0QLpFksuj,Saaj Bhatt
1454,1tqysapcCh1lWEAc9dIFpa,2yis41rltks0pQr6nCBAD6,Maanya Arora
1455,1tqysapcCh1lWEAc9dIFpa,2kkQthS9OLpK4UqNWYqoVl,Jeet Gannguli
1456,74RGMjbSsFv5RLj8wVx9Yv,1YQWIIZgIWVP83VtNCAQRJ,Karan Bhargava
1457,74RGMjbSsFv5RLj8wVx9Yv,2W0uc5BFijRycFJisWgfXs,This Is GB
1458,74RGMjbSsFv5RLj8wVx9Yv,0IMB9ZqS18okmvGMGYzl45,Arsh Heer
1459,74RGMjbSsFv5RLj8wVx9Yv,3R1penrqtuKNTeWABjKT5N,Bir
1460,74RGMjbSsFv5RLj8wVx9Yv,4or2V6GqzOQ1jelR0echhv,Jitt
1461,74RGMjbSsFv5RLj8wVx9Yv,1ZepPUbPtyDgmq1ktCLqcN,Supreme Sidhu
1462,74RGMjbSsFv5RLj8wVx9Yv,6mYF9deJen9o74z0HJXjVm,Harjot Sidhu
1463,74RGMjbSsFv5RLj8wVx9Yv,7CDkAERLEgW9vI1g6RV764,Joban Dhillon
1464,74RGMjbSsFv5RLj8wVx9Yv,0z8tlga6Hzrvk66g6n3yjm,YXNG SXNGH
1465,74RGMjbSsFv5RLj8wVx9Yv,4s5P33ladNMi7gcBMHwp9a,HRJXT
1466,74RGMjbSsFv5RLj8wVx9Yv,4OE85dwKyG26dprccJEV27,Shally Rehal
1467,74RGMjbSsFv5RLj8wVx9Yv,0OS0NZnK7TGIAWx8MkWNFN,Intense
1468,74RGMjbSsFv5RLj8wVx9Yv,4btWEiFCBW3yM80dXqq3p8,SOHAL
1469,74RGMjbSsFv5RLj8wVx9Yv,3iDKP1bdLh3lqDftjVmEcm,Keetview$
1470,74RGMjbSsFv5RLj8wVx9Yv,6AnFaupnhQD1Ps8DX7Z7mV,Kunwarr
1471,74RGMjbSsFv5RLj8wVx9Yv,3BRh53qZfNoiEGO1bYrOtr,Raman Bains
1472,74RGMjbSsFv5RLj8wVx9Yv,5uhcvmuj3X2tr8ooCLrUAx,Signature By SB
1473,74RGMjbSsFv5RLj8wVx9Yv,3M8zfMe1yv1Ju0coAN1Rrz,Srmn
1474,74RGMjbSsFv5RLj8wVx9Yv,3O96LSvlQrNeKpZ8FuZkEk,BK
1475,74RGMjbSsFv5RLj8wVx9Yv,0zNEu5IOSHueGse4dVVW5b,GVL KHAN
1476,6CXEwIaXYfVJ84biCxqc9k,5GnnSrwNCGyfAU4zuIytiS,Mohit Chauhan
1477,6CXEwIaXYfVJ84biCxqc9k,0XL6ie7a0NY5FM05b9Rn5L,Farhan Akhtar
1478,6CXEwIaXYfVJ84biCxqc9k,3eDT9fwXKuHWFvgZaaYC5v,Sunidhi Chauhan
1479,6CXEwIaXYfVJ84biCxqc9k,4W91bbPB2CTSsHwt7eqNl7,Javed Ali
1480,6CXEwIaXYfVJ84biCxqc9k,2L16nDKTxhFGaDriR2AHTB,Lucky Ali
1481,6CXEwIaXYfVJ84biCxqc9k,3tHD07u1ON4uHxmnT9rwqZ,Neeraj Shridhar
1482,6CXEwIaXYfVJ84biCxqc9k,4oVMLzAqW6qhRpZWt8fNw4,Kailash Kher
1483,6CXEwIaXYfVJ84biCxqc9k,5cB4d4jPYjMT326sjihQ4m,Shaan
1484,6CXEwIaXYfVJ84biCxqc9k,5T2I75UlGBcWd5nVyfmL13,Mika Singh
1485,6CXEwIaXYfVJ84biCxqc9k,3cqeO3muWIW5uSmUDNCmyT,Rekha Bhardwaj
1486,6CXEwIaXYfVJ84biCxqc9k,3xU8YsNNkmWSPewlB18NUz,Harshdeep Kaur
1487,6CXEwIaXYfVJ84biCxqc9k,71oGOxg5ez52Hh1Ye41A98,Mustafa Zahid
1488,6CXEwIaXYfVJ84biCxqc9k,03SZmfKAgYRQKUwy0EoJUa,Roop Kumar Rathod
1489,6CXEwIaXYfVJ84biCxqc9k,0oOet2f43PA68X5RxKobEy,Shreya Ghoshal
1490,6CXEwIaXYfVJ84biCxqc9k,7HCqGPJcQTyGJ2yqntbuyr,Amit Trivedi
1491,6CXEwIaXYfVJ84biCxqc9k,5SuRAj1A9FEHj5NxS86YAm,Shafqat Amanat Ali
1492,6CXEwIaXYfVJ84biCxqc9k,0sSxphmGskGCKlwB9xa6WU,Himesh Reshammiya
1493,6CXEwIaXYfVJ84biCxqc9k,3OLGltG8UPIea8sA4w0yg0,Rahat Fateh Ali Khan
1494,6CXEwIaXYfVJ84biCxqc9k,3t4P7aXVor3NxlJPZxLzOQ,Kunal Ganjawala
1495,6CXEwIaXYfVJ84biCxqc9k,09UmIX92EUH9hAK4bxvHx6,Mithoon
